,fname,summary
0,test_0,#Person1#은 #Person2#에게 내부 및 외부 통신에 대해 모두 즉시 메시지를 사용하는 것을 금지하는 메모를 받아쓰도록 요청한다. #Person1#은 또한 #Person2#에게 이 메모를 오후 4시 전에 모든 직원들에게 배포하도록 요청한다.
1,test_1,"#Person1#과 #Person2# 모두 출퇴근 시간에는 교통 체증이 심하다. 그래서 #Person1#은 #Person2#에게 대중교통이나 자전거를 이용하도록 제안한다. #Person2#는 동의하며, 그들은 운전을 그만둘 것이다."
2,test_2,"#Person1#은 케이트에게 마샤와 히어로가 이혼하려고 한다고 말한다. #Person1#은 마샤가 양육권을 가지게 될 것이며, 이혼이 새해 초에 확정될 것이라고 말한다. 케이트는 이 소식을 믿지 않는다."
3,test_3,브라이언의 생일 파티에서 #Person1#이 그녀에게 춤을 제안하고 그녀의 외모를 칭찬한다.
4,test_4,#Person2#와 #Person1#은 올림픽 스타디움과 올림픽 공원을 소개하고 있다. 그들은 많은 영어로 된 표지판이 있다고 말한다.
5,test_5,#Person1#은 #Person1#의 회사를 창업하고 싶지만 #Person2#에게 사업 계획서를 작성한 적이 없다고 말한다. #Person2#는 #Person1#에게 그것을 어떻게 작성해야 하는지 알려주고 #Person1#은 모든 번거로움을 피하려고 한다.
6,test_6,#Person2#는 가려움증과 피로감이 있다. #Person1#는 #Person2#에게 수두에 걸렸다고 말한다. #Person2#는 이것이 과장이라고 생각하고 오트밀 목욕을 한다.
7,test_7,"#Person2#는 #Person1#에게 청구서를 요청하고, #Person1#은 #Person2#의 청구서에서 잘못된 항목이 있는 것을 발견한다. 그들은 함께 그것을 고친다."
8,test_8,스티븐은 #Person1#이 아내와의 불륜 때문에 이혼 위기에 처하자 #Person1#을 돕기로 한다.
9,test_9,"#Person2#와 #Person1# 모두 에이브러햄 링컨을 좋아하며, 그들이 존경하는 이유를 공유한다."
10,test_10,#Person1#과 #Person2#는 허베이의 심각한 모래폭풍에 대해 이야기합니다. 그들은 그것이 사람들이 호흡기 감염에 걸리는 원인이 될 수 있음을 발견했습니다.
11,test_11,#Person2#는 #Person1#의 생일 선물로 리모컨 자동차 모델을 준비했다. #Person1#는 그것을 매우 사랑한다.
12,test_12,"토니는 부정행위를 한 것을 후회하고 있고, 그의 아버지는 그에게 압박을 가한다. #Person1#은 그에게 열심히 공부하라고 조언한다."
13,test_13,톰과 #Person1#은 아홉시 10분에 있다. #Person1#은 아홉시 반 기차를 위해 서둘러야 한다.
14,test_14,#Person1#은 #Person2#에게 자신의 삶을 어떻게 조정해야 하는지 묻습니다. #Person2#는 #Person1#에게 충분히 쉬고 운동하며 미래에 대해 생각하지 말라고 조언합니다.
15,test_15,#Person1#이 #Person2#에게 루오지아가 결혼했다는 사실을 알리고 파티에 초대한다. #Person1#와 #Person2# 모두 놀라워하며 파티 준비를 시작한다.
16,test_16,#Person1#과 #Person2#는 게임을 하고 있다.
17,test_17,마이크는 #Person1#에게 그의 누나에 대해 이야기한다.
18,test_18,"#Person1#은 머리가 아프고, #Person2#는 #Person1#에게 온도를 측정하고 약을 줍니다."
19,test_19,#Person2#는 #Person1#의 도움으로 새로운 휴대폰을 구매합니다.
20,test_20,프랭크는 #Person1#에게 그의 새로운 일자리와 일정에 대해 이야기한다. 그는 좋은 복지 혜택 때문에 그것을 선택했다.
21,test_21,"#Person1#은 #Person2#에게 직업에 필요한 자격증, 자격증, 교육 배경 및 업무 경험을 묻습니다."
22,test_22,#Person1#은 스테이크가 미디엄 레어로 조리되지 않았다고 생각하고 #Person2#에게 교체를 요청한다.
23,test_23,톰은 자신의 소설로 노벨상을 받았다. #Person1#은 그에게 축하하고 있다.
24,test_24,#Person1#은 #Person2#에게 인터뷰를 하고 있다.
25,test_25,"#Person1#과 #Person2# 모두 술을 마시는 것을 즐기지만, 그들은 다른 스타일로 술을 마십니다. #Person2#는 보통 밤새도록 마시는 반면, #Person1#은 보통 맥주 두 병만 마십니다. #Person2#는 #Person1#에게 내성을 키우라고 조언하고 함께 술집에 가자고 제안합니다."
26,test_26,"메이는 #Person1#이 피크닉을 준비하도록 돕습니다. #Person1#은 메이에게 과일 샐러드와 크래커를 가져오도록 요청하고, 메이는 또한 냅킨과 다른 물품들을 가져오는 것을 제안합니다."
27,test_27,제임스는 뮤리엘과 새로운 계정에 대해 이야기하기 위해 만났습니다. 그들은 서로에게 휴일 동안 무엇을 했는지 이야기했습니다.
28,test_28,#Person1#은 돈을 뽑으려고 하지만 ATM 기계는 계속해서 #Person1#에게 질문을 하고 있다. 결국 #Person1#은 10000 달러를 이체한다. #Person1#은 자신이 원하지 않는 일을 한 것에 대해 화가 나 있다.
29,test_29,"#Person2#는 #Person1#에게 자신이 외향적이라고 말하고, #Person2#의 동료들과의 소통에 대한 생각을 공유한다."
30,test_30,"폴리는 #Person1#에게 탄산 음료 한 병을 사달라고 요청하지만, #Person1#의 상사가 그곳에 있어서 #Person1#이 도와줄 수 없습니다."
31,test_31,모니카와 프란시스는 금요일 오후에 재무 보고서를 할 예정이다.
32,test_32,#Person2#는 #Person1#에게 면접 준비를 위한 워크숍에 대해 설명한다. #Person1#는 면접에서 어떤 것을 해야 하는지 궁금해한다.
33,test_33,제이슨이 여자를 더 이상 사랑하지 않는다고 말한다. #Person1#은 마이크에게 제이슨이 가장 먼저 분노를 느낄 것이라고 말한다.
34,test_34,#Person1#은 #Person2#에게 인사를 하러 온다고 말한다. #Person2#는 환영하며 #Person1#에게 도움을 청하는 것을 사양하지 않는다.
35,test_35,"빌은 피곤한데도 일을 계속하고 있고, 그의 형은 아직 미국에서 돌아오지 않았습니다. #Person1#과 빌은 5시에 친구를 만날 예정입니다."
36,test_36,사이먼과 클레오는 내일 핵무기 확산 막기 위한 시위에 대해 이야기한다. 클레오는 시위를 싫어하며 시위에 가지 않겠다고 결정했다. 반면에 사이먼은 시위를 좋아하고 동참할 예정이다.
37,test_37,#Person1#과 #Person2# 모두 가정주인이 쉽게 속아넘는다는 것에 동의합니다.
38,test_38,"마크는 매기에게 그녀의 역사 과목 노트를 빌리는 것을 요청한다. 그 이유는 그가 매일 밤 일하다 보니 너무 피곤해서 수업 중에 잠들기 때문이다. 결국, 그들은 공부 파트너가 되기로 한다."
39,test_39,#Person2#는 대학원 과정이지만 아직 3학년인 #Person2#가 고급 지질학 과목을 듣고 싶어서 터너 교수에게 허락을 요청한다. 터너 교수는 동의하지만 먼저 버먼 교수에게 확인해야 한다.
40,test_40,#Person1#의 펜던트가 부러져서 #Person2#는 새 것으로 교체해줄 것입니다.
41,test_41,"#Person1#이 #Person2#에게 옷에 대해 이야기하지 말라고 요청하지만, #Person1#은 계속해서 옷에 대해 이야기한다. 결국, #Person2#는 화가 나서 #Person1#에게 경기를 즐기라고 말한다."
42,test_42,#Person1#과 #Person2#는 미디어 분야에서의 직업에 대해 이야기한다. 그들은 결국 인터랙티브 미디어에 관심을 갖게 된다.
43,test_43,#Person2#는 연설들 때문에 지루함을 느끼고 #Person1#에게 음악을 듣거나 게임을 하는 것을 제안한다. 하지만 #Person1#는 계속해서 집중해야 한다. 그래서 #Person1#는 #Person2#에게 신문을 읽도록 요청하고 일부 게임을 제공한다.
44,test_44,#Person1#은 사라에게 도심에서 멀리 떨어진 곳에 집을 사면 돈을 절약할 수 있다고 말한다. #Person1#의 시누이는 최근 그런 방식으로 집을 샀다.
45,test_45,마크 리치가 #Person1#에게 자신이 하는 일과 영국에 오는 사람들에게 제안하는 것에 대해 이야기한다.
46,test_46,루시와 린팡은 수업에 대해 이야기한다. 그들은 각자의 가장 좋아하는 과목과 그들이 가장 싫어하는 과목에 대해 이야기한다.
47,test_47,제임스는 토마스 부인의 마당에서 낙엽을 치우고 개를 산책시키는 등 여러 가지 일을 합니다. 그녀는 제임스에게 주말에 도움을 줘서 감사하다고 말합니다.
48,test_48,"#Person1#과 #Person2#는 아직도 춥지만, 드디어 봄이 왔다고 생각합니다."
49,test_49,#Person1#은 #Person2#에게 처음부터 다시 시작하라고 요청한다. #Person2#는 로라가 제이슨을 사랑했다는 것을 이해하지 못하고 있다. #Person1#은 그녀의 감정을 바꾸려고 한다.
50,test_50,#Person1#은 #Person2#의 택시에 탑승하여 더 빨리 가는 것을 요청한다.
51,test_51,#Person1#은 과자값 때문에 버스 기사에게 환승을 요청해야 합니다. #Person2#는 #Person1#에게 버스 기사에게 환승을 요청하라고 조언합니다.
52,test_52,#Person1#은 #Person2#에게 그들의 동네와 회사에 대해 묻는다.
53,test_53,#Person1#과 #Person2#는 루루와 빅의 연애에 대해 전혀 몰랐다는 것을 알게 된다.
54,test_54,데이브는 짐에게 전화하지만 짐이 없어서 샐리를 통해 그의 번호로 전화했다고 말합니다.
55,test_55,"#Person1#은 #Person2#에게 시청으로 가는 길을 물었지만, 처음에는 #Person1#이 잘 이해하지 못했습니다. 그래서 #Person2#가 몇 번이나 설명했습니다."
56,test_56,"#Person1#은 백화점에서 신발을 사기 위해 여권을 사용했지만 찾을 수 없습니다. #Person2#는 #Person1#에게 분실물 신고서를 작성하라고 요청하고, 그 후 #Person1#은 대사관에 전화하여 새 여권을 받을 예정입니다."
57,test_57,"레이는 콜린스 선생님이 오늘 전화하지 않으므로 #Person1#에게 리우 씨와의 약속을 잡도록 도와줍니다. #Person1#은 오늘 오후 2시 이후 언제든 괜찮다고 말합니다. 결국, 그들은 11시 30분에 만날 예정입니다."
58,test_58,#Person1#과 #Person2# 모두 사라가 딕과 함께하는 것에 대해 걱정하고 있습니다.
59,test_59,"#Person1#과 #Person2#는 파티에서 많은 여성들을 발견한다. #Person1#은 금발인 제니스에게 관심이 있다. #Person2#는 처음에는 수줍어서 접근하지 않았지만, 결국 #Person1#의 격려를 받아 간다."
60,test_60,잭이 #Person1#에게 정치학 수업과 작년의 비즈니스 커뮤니케이션 수업이 가장 좋았다며 추천한다.
61,test_61,#Person1#과 #Person2# 모두 오늘의 날씨를 좋아합니다. #Person2#는 어제의 날씨와 베이징의 사계절에 대해 이야기하면서 #Person1#에게 감기에 걸리지 않도록 조심하라고 당부합니다.
62,test_62,#Person1#과 #Person2# 모두 다양한 장르의 영화에 대한 의견을 이야기합니다. 그들은 결국 전쟁 영화를 보기로 결정합니다.
63,test_63,아담이 #Person1#에게 학교의 다양한 장소들을 소개합니다. #Person1#은 그곳에서 공부하는 것이 부러워합니다.
64,test_64,#Person1#이 #Person2#에게 #Person1#이 임신했다는 사실을 알립니다. 그들은 기뻐합니다.
65,test_65,#Person1#과 #Person2#는 존이 그녀에게 반했다고 생각한다.
66,test_66,#Person1#은 #Person2#에게 시스템 업그레이드를 제안하고 구체적인 방안을 제시한다. #Person2#는 이 제안을 받아들인다.
67,test_67,"#Person1#과 #Person2#는 차안에서 만나 서로의 배경을 공유한다. #Person2#는 #Person1#에게 자신이 멕시코 출신이며 26세라고 말하고, #Person1#은 자신의 혼혈 출신과 나이를 말한다."
68,test_68,#Person1#의 체중이 다시 증가했습니다. #Person2#는 운동을 더 해보라고 제안합니다.
69,test_69,제임스는 8인 룸을 예약했지만 #Person1#의 도움으로 홀로 자리가 지정된다.
70,test_70,#Person2#는 #Person1#에게 공장의 규모와 역사에 대해 소개한다. 그런 다음 그들은 조립 라인으로 이동할 예정이다.
71,test_71,"레베카는 #Person1#에게 그녀의 첫 직장이 지역 신문사였으며, 거기서 두 년 동안 일했다고 말한다. 그 후 레베카는 남편과 함께 런던으로 이사하여 국가 신문사에서 일하기 시작했다."
72,test_72,"#Person1#과 #Person2#는 그룹 발표를 위한 포스터를 만들기 위해 문구점에 가려고 합니다. 그들은 먼저 쇼핑 목록을 만들고, #Person2#는 각 선반의 표지판이 무엇인지 설명합니다."
73,test_73,#Person1#은 메리에게 인터넷에서 일자리를 찾는 것을 제안한다. #Person1#은 또한 그녀에게 어떻게 하는지 알려준다. 메리는 그것을 시도해 볼 것이다.
74,test_74,#Person2#는 #Person1#에게 자신이 너무 많은 돈을 쓰지 않도록 하기 위해 쇼핑 예산을 만드는 방법을 알려줍니다.
75,test_75,헨리는 제인이 병원에 가는 것을 도와준다.
76,test_76,#Person1#과 #Person2#는 내년 판매 예측에 대해 이야기하려 합니다. 그들은 다음 주 화요일 오후 2시 30분에 만날 예정입니다.
77,test_77,#Person1#은 #Person2#에게 뉴욕에 대한 몇 가지 제안을 요청한다. #Person2#는 #Person1#에게 '뉴욕의 친구'라는 서비스를 소개하고 설문조사를 받는 방법을 알려준다.
78,test_78,"#Person1#은 #Person2#에게 회사 소개와 #Person2#의 기대치에 대한 질문을 합니다. #Person2#는 #Person1#에게 #Person2#가 원하는 부서, 현재 급여, 그리고 복리후생 혜택에 대해 이야기합니다."
79,test_79,#Person2#는 #Person1#에게 계약서가 아직 준비되지 않았다고 말한다. 그리고 #Person2#는 그들이 합의한 내용이 들어있는 초안을 보여준다.
80,test_80,#Person1#이 #Person2#에게 차량 사고가 발생했다면서 구급차와 경찰을 보내달라고 요청했습니다.
81,test_81,#Person2#가 #Person1#에게 학교 클리닉으로 가는 방법을 알려줍니다.
82,test_82,"#Person2#는 #Person1#에게 #Person2#의 방을 바꿔달라고 요청하지만, #Person1#는 내일까지 기다려야 한다고 말한다. 왜냐하면 그들은 지금 여분의 방이 없기 때문이다."
83,test_83,#Person1#은 #Person2#에게 차로 호텔까지 데려다 줍니다. #Person2#는 비행이 편안했다고 말하지만 지금은 피곤하다고 합니다. #Person1#은 #Person2#를 위해 연회에 초대하는 것과 함께 관광지를 제안합니다.
84,test_84,#Person1#이 #Person2#에게 길을 물어봅니다. #Person2#는 #Person1#의 위치를 알려주고 리우 이창으로 가는 방법을 알려줍니다.
85,test_85,#Person2#의 컴퓨터가 고장났지만 #Person1#은 그것을 고칠 방법을 모른다. 그래서 #Person2#는 수리공에게 전화하기로 결정했다.
86,test_86,#Person2#는 #Person1#의 제안에 따라 어머니 생신 선물로 크고 명확한 숫자가 있는 새 금 시계를 구입했다.
87,test_87,"피셔 씨와 로스 씨는 회의를 하고 있다. 피셔 씨는 로스 씨에게 10월 24일에 토요일 오전 11시에 토론이 있을 것이라고 말한다. 로스 씨는 커피와 간식 뷔페를 준비해야 한다. 피셔 씨는 또한 다섯 개의 테이블과 장비가 필요하다고 말하고, 방에 이미 있는 장비를 확인하라고 요청한다. 피셔 씨는 초대장을 보냈으며, 200명이 올 수도 있지만 실제로는 30명이 올 것이라고 말한다."
88,test_88,"#Person1#은 #Person2#에게 러시아와 캐나다의 주요 차이점을 묻습니다. #Person2#는 러시아에서 모든 것이 빠르게 진행된다고 생각하며, 캐나다에서는 사람들이 더 여유롭다고 말합니다. #Person1#은 동의합니다."
89,test_89,"#Person1#과 #Person2#는 올해 휴가 계획에 대해 이야기합니다. 그들은 카리브해로 가기로 결정하지만, #Person1#은 거기에 폭풍이 있다는 것을 #Person2#에게 알려줍니다."
90,test_90,#Person1#의 엄마가 #Person1#에게 소풍에 가기 위해 포도를 가져가라고 말한다.
91,test_91,#Person2#는 #Person1#에게 차량 렌트에 대해 설명하고 양식을 작성하라고 요청합니다.
92,test_92,#Person1#과 #Person2# 모두 미소짓는 사람을 싫어한다.
93,test_93,"#Person1#와 #Person2#는 판매 리뷰에 대해 이야기하고 있으며, 주주들에게 좋은 소식이 있다고 생각한다. 그들은 월리스와 새로운 마케팅 전략 덕분에 회사의 성과가 향상되었다고 생각한다."
94,test_94,"#Person2#는 #Person2#의 지갑을 잃어버렸습니다. #Person2#는 #Person1#에게 돈을 빌려달라고 하고, #Person1#는 #Person2#를 집까지 데려다 줄 것을 제안합니다."
95,test_95,린이 스티븐에게 중국의 팁 관행을 설명합니다. 이로 인해 스티븐은 중국 사람들이 팁을 주지 않는다는 사실에 놀랍니다.
96,test_96,빌이 #Person1#에게 그의 룸메이트인 브레인 로커에 대해 이야기한다.
97,test_97,톰이 #Person2#의 도움으로 청구서를 지불합니다.
98,test_98,수잔이 #Person1#에게 전화를 걸었지만 캐롤은 그녀를 받지 않았다. 그래서 #Person1#은 캐롤에게 파티 시간과 장소를 알려달라고 요청한다.
99,test_99,#Person1#이 #Person2#에게 여러 번 인사하고 묻습니다. 하지만 #Person2#는 #Person1#을 알지 못합니다. 결국 #Person2#는 #Person1#이 자신을 다른 사람과 혼동했다고 말합니다.
100,test_100,"#Person1#과 #Person2# 모두 나라에서 많은 변화가 있었지만, #Person1#은 바이든에게 투표할 것이며, #Person2#는 트럼프를 지지한다."
101,test_101,#Person2#는 #Person1#에게 ATM을 사용하는 방법을 보여주고 있다.
102,test_102,"수잔은 그 메모를 찾기 위해 존에게 물어봤지만, 존은 그것을 보지 못했습니다."
103,test_103,릴리는 #Person1#의 소풍 초대를 받아들였습니다.
104,test_104,"#Person2#는 #Person1#에게 중국의 연회에 초대받은 경험이 있다고 말합니다. #Person1#는 #Person2#에게 중국식 식사 도구와 테이블 매너에 대해 묻습니다. #Person1#는 #Person2#에게 젓가락을 밥그릇에 꽂는 것이 좋지 않다고 말하며, 이것이 죽은 사람을 위한 제물에 사용된다는 것을 설명합니다."
105,test_105,프랭크와 메리는 자신들이 좋아하는 영화 종류에 대해 이야기한다. 메리는 프랭크에게 그녀가 영화를 대여하기 위해 가입한 무비 살롱에 대해 설명한다.
106,test_106,#Person2#는 #Person1#에게 녹색당에 가입하는 것을 고려해본 적이 있다고 말한다. #Person2#는 작은 정치 단체와 압력 단체들이 큰 정치 당에 영향을 미칠 수 있다고 믿는다.
107,test_107,#Person1#은 윌슨 씨에게 #Person1#이 상품에서 실수를 했음을 사과하고 그들의 잘못을 인정한다. 또한 #Person1#은 미래에는 이런 일이 다시 발생하지 않겠다고 약속한다.
108,test_108,#Person2#는 #Person1#에게 강도 사건을 목격했다고 말합니다. #Person1#는 더 자세한 정보를 얻기 위해 #Person2#를 불러옵니다.
109,test_109,#Person2#는 #Person1#에게 #Person2#의 부모님께서 매주 데이트를 하며 저녁 식사를 한다고 말한다.
110,test_110,#Person1#과 #Person2#는 #Person1#의 다이어트 계획에 대해 이야기하고 있다. 하지만 #Person1#은 계속해서 과거와 같은 음식을 먹는다.
111,test_111,"카렌은 비교문학 287 수업에 등록하고 싶지만, #Person1#은 그것을 할 수 없다고 말한다. 왜냐하면 수업이 가득 찼기 때문이다. #Person1#은 그녀에게 대기 명단에 이름을 올리라고 요청한다. 하지만 카렌은 비교문학 전공자라는 것을 밝히고, #Person1#은 특별 코드를 제공하여 그녀가 수업에 참여하도록 한다."
112,test_112,비가 내리기 시작했습니다. #Person1#과 #Person2#는 같은 방향으로 가므로 함께 걸을 것입니다.
113,test_113,데이지는 잭의 새 차를 칭찬한다. 잭은 그녀를 태워주고 데이지에게 고속도로를 운전하도록 요청한다.
114,test_114,#Person2#는 #Person1#에게 불이 나던 시간이 대략 10시였다고 말합니다.
115,test_115,"#Person2#는 #Person1#의 도움으로 남편의 신용카드로 결제하고, 구매한 물건들을 포장받습니다."
116,test_116,#Person2#는 #Person1#에게 차를 세차하도록 요청합니다. #Person1#은 일반 세차 패키지를 추천하고 설명합니다. #Person2#는 동의합니다.
117,test_117,#Person1#과 #Person2#는 올해의 휴가 계획에 대해 이야기합니다. #Person2#와 그의 아내는 아직 결정을 내리지 못했습니다.
118,test_118,"존슨은 #Person1#에게 기계 사용법을 가르쳐준다. 존슨은 #Person1#에게 기계를 사용하기 전에 제대로 스트레칭을 하고, 기계 사용 시 무게를 적기 위해 트레이닝 카드를 작성하라고 조언한다. 존슨은 또한 #Person1#에게 각 기계를 사용하는 방법을 보여주고, #Person1#이 적절한 무게를 선택하도록 도와준다. 하지만 #Person1#은 기계 사용 후에 지쳤다. 존슨은 #Person1#에게 다음에 나머지 기계들을 함께 볼 것을 제안한다."
119,test_119,"#Person1#과 #Person2# 모두 일자리를 잃었다. #Person2#는 전기공 정비사로서의 직업에 대해 이야기하고, 지원 방법을 찾아볼 것이다."
120,test_120,#Person2#는 #Person1#에게 강아지들의 식사를 준비하고 목욕시키라고 요청한다. 또한 동물병원 예약 시간도 알려준다.
121,test_121,#Person1#은 집주인에게 돈을 갚기 위해 에이든에게 200달러를 빌리고 싶어한다. 하지만 에이든은 그럴 여유가 없다. 그래서 에이든은 #Person1#에게 20달러를 빌려준다. 그리고 그들은 저녁 식사를 하기로 한다.
122,test_122,#Person2#는 #Person1#에게 자선 단체에서의 일로 인해 전체적인 관점에서 사물을 바라보는 법을 배웠다고 말한다.
123,test_123,#Person2#는 #Person1#에게 전화나 이메일로 연락하기 위해 #Person1#의 정보를 요청했습니다.
124,test_124,#Person2#는 #Person1#에게 중국 와인과 함께 먹기 좋은 중국 요리를 추천한다.
125,test_125,댄은 안젤라에게 전화를 걸어서 다음 주에 그녀와 함께 결혼식에 가기로 한다. 그들은 또한 메건을 초대할 예정이다.
126,test_126,"#Person1#과 #Person2#는 디저트를 선택하고 있습니다. #Person2#는 전통적인 그리스 요구르트를 원하며, #Person1#은 이탈리아 티라미수를 선호합니다. 그들은 서로의 디저트를 시도해보고, 마지막에는 각자 바나나 튀김을 더 구입하기로 결정했습니다."
127,test_127,#Person1#이 스미스 씨에게 대학과 나이 등에 대해 인터뷰합니다.
128,test_128,"#Person1#은 #Person2#에게 조카를 위한 선물을 사고 싶다고 말하고, 결국에는 디지털 바비 인형을 구입한다."
129,test_129,#Person2#는 #Person1#의 가게에서 신발을 사려고 합니다. #Person1#은 #Person2#에게 할인을 제공하지 않습니다.
130,test_130,#Person1#이 과학 박물관에 가고 싶지만 길을 잃었습니다. #Person2#는 #Person1#에게 티켓 기계를 어떻게 사용하는지 알려줍니다.
131,test_131,"사이먼은 #Person1#에게 자신이 은퇴했지만 단계적 은퇴 프로그램에 참여하여 때때로 회사에서 일한다고 말합니다. 사이먼은 또한 프로그램이 어떻게 운영되는지 설명하고, 어떤 종류의 일이 올라오는지를 소개합니다."
132,test_132,"#Person1#과 #Person2#는 자신들이 가장 이상적으로 생각하는 여자의 모습에 대해 이야기한다. #Person2#는 집에서 요리를 하고 청소하고 아이들을 돌보는 여자를 선호하는 반면, #Person1#는 외향적이고 비판적이지 않은 여자를 좋아한다. 하지만 #Person2#는 여전히 자신의 생각을 고수한다."
133,test_133,#Person1#과 #Person2# 모두 폭풍을 싫어합니다. 그들은 더 이상 불평하지 않을 것입니다.
134,test_134,"#Person1#과 #Person2# 모두 재미있는 시간을 보내고 싶지만 방법에 대해 다른 의견을 가지고 있다. #Person1#은 TV를 보고 싶고, #Person2#는 그것이 지루하다고 생각한다. #Person2#는 다른 활동을 추천하고 #Person1#은 동의한다."
135,test_135,벤은 새 학교 생활에 대해 긴장하고 있다. #Person1#은 그에게 학교 일정과 수업 시간을 알려준다.
136,test_136,"애덤은 #Person1#에게 그의 무릎 상태를 알려주고 미시간과의 경기에 대해 이야기한다. #Person1#은 애덤에게 먼저 경기 영상을 확인하고, 다음날 전체 훈련에 참여하도록 요청한다."
137,test_137,#Person2#는 #Person1#의 프린터가 고장나서 #Person1#의 문서를 출력하고 편집하는 데 도움을 줍니다.
138,test_138,#Person1#이(가) #Person2#에게 커튼을 걸어달라고 요청했다.
139,test_139,잭이 #Person1#에게 가장 좋은 시간에 대해 말한다.
140,test_140,"#Person1#와 #Person2#는 서로에게 사과한다. #Person1#는 자신이 임신했다고 #Person2#에게 알린다. #Person3#는 #Person1#의 임신을 확인하지만, #Person2#는 그것이 자신의 아기가 아니라고 생각한다. 왜냐하면 #Person2#는 아기를 잉태할 기회가 없었기 때문이다."
141,test_141,#Person2#는 #Person1#에게 그녀의 딸이 대학을 선택하는 데 어려움을 겪고 있다고 말한다. #Person1#은 그녀가 스스로 결정할 수 있다고 생각한다.
142,test_142,"#Person1#은 자신의 큰 실수가 자신을 직업에서 밀어내는 결과를 초래할까 두려워한다. #Person2#는 #Person1#에게 현실적인 가능성을 고려하라고 조언하고, #Person1#이 직장을 잃는다면 #Person2#와 함께 살 것을 제안한다. #Person1#은 이것이 좋아 보인다고 생각한다."
143,test_143,#Person2#의 친구가 #Person2#의 연구실에서 강연을 할 예정이다. #Person1#은 그것에 관심이 있다.
144,test_144,#Person2#가 아파서 #Person1#이 걱정하고 있습니다. #Person2#는 잠자리에 들어갈 예정입니다.
145,test_145,파버 씨는 #Person1#의 도움으로 3박 동안 더블룸을 예약했습니다.
146,test_146,#Person1#은 연립 주택을 원하지만 #Person2#는 웨스트 더비가 너무 비싸다고 말한다. #Person2#는 #Person1#에게 사우스 더비에서 일하는 친구를 소개하고 #Person1#은 그것을 시도해 볼 것이다.
147,test_147,#Person1#과 #Person2# 모두 상대방의 행동에 대해 불평하며 서로를 비난한다.
148,test_148,달린이 댄에게 전화를 걸어 컴퓨터 배송이 2일이나 지연되었다고 알립니다. 댄은 그녀에게 스티브에게 연락하라고 요청합니다.
149,test_149,#Person1#과 #Person2#는 다양한 신문들의 창립 시기를 논의하고 있다.
150,test_150,#Person1#은 #Person2#에게 컴퓨터를 확인하고 이메일을 보내는 방법을 알려줍니다.
151,test_151,#Person1#과 #Person2#는 주말 동안 함께 있었고 서로 만족하고 있습니다.
152,test_152,"#Person1#과 #Person2# 모두 중국 음식을 원합니다. #Person2#는 #Person1#에게 판다 익스프레스에 가라고 조언하고, #Person1#은 동의합니다."
153,test_153,메리는 톰에게 판매직을 다른 사람에게 줬다고 말한다. 톰은 초과근무를 통해 업무를 배울 것이다.
154,test_154,#Person1#은 #Person2#에게 계속해서 전화하지 말라고 경고한다.
155,test_155,"#Person1#은 #Person2#에게 왜 음악 선생님이 되고 싶은지, 어떤 종류의 음악을 좋아하는지, 클래식 음악을 어떻게 알게 되었는지 등 여러 가지 질문을 합니다. #Person2#는 학생들이 다른 음악보다 클래식 음악을 더 많이 들어야 한다고 생각하며, 클래식 음악이 스트레스를 줄이는 데 도움이 된다고 말합니다. #Person1#은 #Person2#에게 인터넷에서 클래식 음악을 찾는 방법을 알려줍니다."
156,test_156,"#Person2#는 #Person1#에게 그들이 아파트 아래에 사는 미국 여성에 대해 이야기한다. #Person2#는 그녀를 좋아하며 그녀와 사귀고 싶지만, 두 명의 다른 미국 남자들도 그녀를 좋아하는 것 같다. #Person2#는 그녀를 저녁 식사에 초대할 계획이다."
157,test_157,"#Person1#은 미렐라가 회의 이후로 청바지와 탑투넥 티셔츠를 입고 출근하기 때문에 이상하다고 생각한다. #Person2#는 이것이 서부 해안에서의 업무 분위기를 설명한다고 말한다. 하지만 경영진이 그녀에게 새 옷을 줬기 때문에, 이것은 그리 좋지 않은 소식이다."
158,test_158,#Person2#는 자신의 사무실을 가지기 위해 노력하고 있습니다. #Person1#은 그에게 행운을 빕니다.
159,test_159,케이트는 피터에게 어제 밤에 무엇을 했는지 물었다. 피터는 그녀에게 온라인에서의 활동을 말해주었다.
160,test_160,#Person1#과 #Person2#는 배와 보트가 더 이상 중요한 교통 수단이 아니라는 것에 동의합니다. 그들은 사람들이 배로 여행하는 것을 좋아하지 않는 이유에 대해 이야기합니다.
161,test_161,패니는 어제 밤에 유령과 관련된 무서운 악몽을 꾸고 미시간 대학교에 입학하지 못할까봐 걱정하고 있다. #Person1#은 그녀에게 자신감을 가지라고 격려한다.
162,test_162,#Person1#와 #Person2#는 밴드를 시작하려고 계획하고 있다. #Person1#는 #Person2#에게 바닐라 아이스의 노래를 연주하자고 제안한다.
163,test_163,#Person1#과 #Person2#는 뉴올리언스에서의 여가 활동에 대해 이야기하고 있습니다. 그들은 결국 생어 극장에 가기로 결정했습니다.
164,test_164,#Person2#는 #Person1#이 신용카드로 옷을 사는 것을 도와줍니다.
165,test_165,포스터 씨가 블레이크 씨에게 훈련 매뉴얼을 요청했다. #Person1#은 블레이크 씨에게 이 사실을 알렸다.
166,test_166,#Person2#는 #Person1#에게 이번 금요일에 롱 아일랜드에서 출발하여 형과 그의 가족들을 만나기 위해 솔트레이크 시티로 가는 여행 계획을 세웠다고 말한다.
167,test_167,"#Person1#은 #Person2#에게 파멜라를 돌봐달라고 요청합니다. #Person1#은 파멜라가 착하다고 말하고, #Person2#가 #Person1#의 진정한 친구라고 생각합니다. #Person2#는 동의합니다. #Person1#은 #Person2#에게 감사의 말을 전합니다."
168,test_168,#Person2#는 #Person1#에게 77번 거리로 가기 위해 12번 버스를 이용하라고 말한다.
169,test_169,"#Person2#와 #Person1#은 TV에서 방영 중인 '이슬람'에 대해 논의한다. #Person2#는 무슬림들이 메카로 순례를 가야 하는 이유를 설명하고, 그런 다음 #Person1#과 #Person2#는 다른 종교의 순례자들에 대해서도 이야기한다."
170,test_170,#Person2#는 #Person1#에게 센트럴 백화점과 국립은행으로 가는 방법을 알려줍니다.
171,test_171,"#Person1#과 #Person2#는 다음 주에 런던으로 여행할 예정이다. #Person1#은 기차를 선호하는 반면, #Person2#는 차를 선호한다. 결국 두 사람은 고속버스를 이용하기로 결정했다."
172,test_172,톰은 음식점에서 점심을 못 먹었다. #Person1#은 집에서 싸온 점심을 먹었으며 패스트푸드를 좋아하지 않는다. #Person1#과 톰 모두 패스트푸드가 좋은 라이프스타일이라고 생각한다.
173,test_173,#Person2#가 #Person1#의 도움으로 레모네이드와 애피타이저를 주문했습니다. 그리고 나중에 베이비 백 립을 더 주문했습니다.
174,test_174,#Person1#이 #Person2#에게 식사를 주문하는 것을 도와줍니다.
175,test_175,"#Person2#는 #Person1#에게 머핀과 한쪽만 프라이한 계란을 요청하지만, #Person1#은 그걸 괜찮아하는 것 같지 않다. 결국, #Person1#은 그녀에게 한쪽만 프라이한 계란을 제공한다."
176,test_176,#Person1#은 #Person2#를 그랜드 호텔까지 태워줄 것입니다.
177,test_177,#Person1#은 #Person2#의 사진을 찍으려 합니다. #Person2#는 동의합니다.
178,test_178,"#Person1#은 #Person2#에게 내일 모든 방이 예약되었다고 말하고, 근처의 호텔로 가라고 제안한다."
179,test_179,"#Person2#는 #Person1#에게 미국에 공부하러 가기 위한 비자를 신청했다고 말한다. #Person2#는 비자를 받는 것이 어렵다는 것을 알지만, #Person1#는 양식을 제대로 작성하고 모든 필요한 서류를 제출한다면 가능하다고 믿는다."
180,test_180,"앤은 #Person2#와 함께한 밤을 즐겁게 보낸 것 같지만, 그녀는 피곤해서 일찍 잠자리에 들고 싶어한다."
181,test_181,메리는 #Person1#에게 온라인 쇼핑이 편리하고 저렴하며 다양한 상품을 제공한다고 말한다. 그녀는 #Person1#에게 온라인에서 함께 보여줄 것이다.
182,test_182,#Person1#은 #Person2#에게 미국식 회계에 대해 묻습니다. #Person2#는 그것에 대해 알고 있습니다.
183,test_183,"제인이 Peter에게 여름에 시안에 가자고 초대한다. Peter는 관심이 있다. 제인은 그에게 비용을 알려주고, Peter는 신장이나 티베트로 가고 싶다고 말한다."
184,test_184,#Person2#는 #Person1#의 도움을 받아 로맨스 영화를 대여한다. #Person1#은 #Person2#에게 비디오를 대여하기 위해 멤버십 카드를 발급받으라고 요청한다. #Person1#은 또한 #Person2#에게 비디오 대여에 대한 몇 가지 규칙을 알려준다.
185,test_185,#Person1#이 #Person2#에게서 미스터 리의 소포를 받았습니다.
186,test_186,"#Person1#의 비행기는 내일 아침까지 뜨지 않는다. #Person2#는 #Person1#에게 공항 호텔에 머무르도록 제안하지만, #Person1#은 불을 켜놓지 않으면 잠을 잘 수 없다."
187,test_187,#Person1#과 #Person2#는 이번 주 식사 비용을 각자 부담하기로 했습니다.
188,test_188,"#Person2#는 스트레스와 불안 때문에 잠이 오지 않는다. #Person1#은 #Person2#에게 긴장을 풀라고 권한다. #Person1#은 #Person2#에게 경음악이나 클래식 음악을 듣는 것을 제안하고, #Person2#는 그것을 시도해 보기로 한다."
189,test_189,#Person1#은 #Person2#에게 주방을 새롭게 만드는 것을 제안합니다. #Person2#는 동의하지 않습니다.
190,test_190,월터와 스털링은 우드 교수가 곤란한 상황이라고 생각한다.
191,test_191,#Person1#이 검사 결과를 받아야 한다. #Person2#는 #Person1#에게 더 많은 정보를 얻기 위해 다시 와달라고 요청한다.
192,test_192,엘리자 선생님이 마틴에게 그의 일과 학생 복지 클럽에 대한 몇 가지 질문을 합니다.
193,test_193,#Person1#은 #Person2#의 조언에 따라 특급보다는 패키지 우편으로 소포를 보냅니다.
194,test_194,"#Person1#은 호텔에서 휴대폰을 잃어버린 것 같지만 #Person2#의 전화를 받지 못한다. #Person1#은 결국 빵집에 두고 왔다는 것을 깨닫고, #Person2#는 그들에게 알려줄 것이다."
195,test_195,#Person1#은 #Person2#와 함께 앉아서 여행 이야기를 나눕니다.
196,test_196,"#Person1#과 #Person2#는 여름 방학 계획에 대해 이야기한다. #Person1#은 휴식을 원하는 반면, #Person2#는 일을 할 것이다."
197,test_197,메리는 #Person2#에게 12번지로 가던 중 큰 나무 가지에 부딪힌 사고 이야기를 한다.
198,test_198,"#Person2#는 #Person1#에게 #Person2#의 일상 생활, 업무 경험, 그리고 회사에 대한 감정 변화에 대해 이야기한다."
199,test_199,#Person1#은 당좌예금 계좌를 개설하고 싶어한다. #Person2#는 #Person1#에게 몇 가지 질문을 하고 #Person1#의 정보를 확인한 후 계좌를 개설해준다. #Person2#는 또한 #Person1#에게 당좌예금 계좌가 이자를 제공하지 않는다는 것을 알려주고 #Person1#의 의문을 해소한다.
200,test_200,#Person1#은 중국 요리를 먹고 싶지만 #Person2#의 도움 없이는 어디서 먹어야 할지 모른다. #Person2#는 #Person1#에게 베이징 오리를 먹으러 가자고 제안한다. #Person2#는 #Person1#에게 가장 좋은 식당의 위치를 알려준다.
201,test_201,"#Person1#과 #Person2#는 가격에 대해 동의하지만 배송에 대해서는 조금 불안해한다. 결국, #Person1#은 #Person2#에게 배송 날짜를 앞당길 수 있다고 말한다."
202,test_202,#Person1#이 #Person2#에게 독서등을 깨뜨렸다는 사실을 알리고 그 비용을 지불하겠다고 합니다.
203,test_203,#Person1#은 #Person2#에게 2006 회계연도 마케팅 계획에 대한 #Person1#의 발표를 도와줍니다. #Person2#는 #Person1#에게 2006년 판매가 2005년보다 훨씬 좋았다고 말합니다.
204,test_204,#Person2#는 #Person1#에게 휴가 동안 유럽을 여행하는 계획과 각 도시에서 할 일에 대해 이야기한다. #Person1#은 관심을 표시한다.
205,test_205,"폭스씨는 중형 차량을 예약했습니다. #Person2#는 모든 중형 차량이 이미 예약되었다고 말하고, 대신에 컴팩트 또는 SUV를 제공할 수 있다고 합니다. 폭스씨는 결국 컴팩트를 선택하고, #Person2#는 사과하며 할인을 제공합니다."
206,test_206,"#Person1#이 엄마에게 카드 게임을 하자고 요청하지만, #Person1#의 엄마는 #Person1#이 먼저 숙제를 끝내야 한다고 말합니다."
207,test_207,앤은 존스 씨에게 이번 주에 회의 일정을 알려준다. 그녀는 또한 런던에서의 회의 시간과 폰 씨를 소개한다.
208,test_208,#Person1#과 #Person2#는 세계 지도를 보며 지리적 특성을 논의한다. 그들은 그것을 매우 흥미롭게 생각한다.
209,test_209,#Person2#는 #Person1#의 도움으로 담배 냄새가 있는 방을 금연 방으로 교환했습니다.
210,test_210,빌이 젖은 페인트에 손을 대지만 #Person1#은 그에게 화를 내지 않는다. 왜냐하면 그의 동료들이 젖은 시멘트를 잊고 공지를 붙이고 있기 때문이다.
211,test_211,벤이 #Person2#와 함께 게임을 하고 있습니다. 벤이 가야 합니다. 그는 엘라에게 전화할 예정이며 엘라의 번호를 요청합니다.
212,test_212,짐이 멋진 딕의 병환에 대해 묻습니다. 빌은 그가 이제는 일할 수 있다고 말합니다.
213,test_213,#Person2#는 #Person1#에게 자신이 얼마나 열심히 일하는지와 받는 것이 얼마나 적은지 이야기한다. #Person2#는 더 좋은 일자리를 찾지 못한다면 계속해야 할 수도 있다고 말한다.
214,test_214,리사는 #Person1#에게 그녀가 정직하다고 생각했던 남편 마크가 다른 사람과 비밀 연애를 하고 있다고 말한다. 리사는 그에게 진실을 말하든지 아니면 이혼하겠다고 경고했다.
215,test_215,#Person2#는 #Person1#에게 의사를 만나서 적색 육류를 줄이고 식단을 정리하라고 말했습니다.
216,test_216,"#Person1#은 #Person2#에게 #Person1#이 #Person2#를 사랑하지 않으며, #Person1#이 #Person2#를 떠나겠다고 말한다."
217,test_217,"#Person2#는 #Person1#에게 도서관 이용 방법을 소개하고, #Person1#이 두 권의 책을 대출하는 것을 돕습니다."
218,test_218,"#Person1#과 #Person2#는 좋은 날씨에 대해 이야기합니다. #Person1#은 해변에 가자고 제안하고, #Person2#는 동의합니다."
219,test_219,#Person1#이 #Person2#에게 박물관에서 사진을 찍지 말라고 경고한다. 그리고 #Person2#는 기념품 가게에서 사진을 구입할 것이다.
220,test_220,#Person1#은 #Person2#에게 그들의 대출 정책에 대해 소개한다. 하지만 #Person2#의 신용 점수가 너무 낮기 때문에 #Person2#는 실제로 돈이 필요하지 않다고 말한다.
221,test_221,모니카의 발표는 성공적이었다. #Person1#은 모니카가 그녀의 노력을 통해 많은 기여를 한 것에 대해 칭찬한다. 모니카는 동료들과 경제 전문가의 도움을 받았다.
222,test_222,"톰이 #Person1#에게 아침에 달리기를 권한다. #Person1#은 그것이 더 좋다고 생각하지만, #Person1#은 제 시간에 일어나기 어렵다고 말한다. 그래서 톰은 내일 #Person1#을 초대하여 함께 달릴 것이다."
223,test_223,#Person1#은 #Person2#에게 일본 레스토랑에서 무엇을 판매하는지 물었습니다. #Person1#은 그것이 괜찮다고 생각했습니다.
224,test_224,"#Person1#은 심슨 씨에게 점심 약속을 제안하고, 심슨 씨는 동의합니다."
225,test_225,"#Person1#은 #Person2#에게 데이트를 위해 레스토랑을 추천하라고 요청하고, #Person2#는 그래마시 타번을 추천한다."
226,test_226,"#Person1#이 #Person2#에게 식비를 지불하고, #Person2#는 팁을 받지 않는다고 말한다."
227,test_227,#Person1#과 #Person2#는 각자의 나라에서 인기 있는 스포츠에 대해 이야기한다. 그들은 골프와 럭비가 그들의 나라에서 인기를 얻었다는 것을 알게 된다.
228,test_228,"#Person2#는 #Person1#에게 비행기 예약을 요청한다. #Person1#는 가장 저렴한 비행기가 얼마나 비용이 드는지 알려주고, #Person2#는 그것을 선택한다."
229,test_229,#Person1#과 #Person2#는 할머니를 방문하기 위해 플로리다로 날아갈 예정입니다.
230,test_230,#Person2#는 #Person1#에게 호주와 그곳의 해양 생물에 대해 이야기합니다.
231,test_231,"로라는 #Person1#에게 자신의 운동 계획에 대해 이야기한다. #Person1#은 자주 걷거나 자전거를 타지만, 헬스장에 가지 않는다. #Person1#은 헬스장을 방문하기 전에 먼저 동기를 부여해야 한다."
232,test_232,"#Person2#는 #Person1#에게 자신이 어디에서 태어났는지, 어떤 곳에서 자랐는지, 그리고 어디로 갔는지를 말합니다."
233,test_233,#Person1#이 #Person2#에게 새 정장을 보여줍니다. #Person2#는 그것이 비싼 것이라고 생각합니다.
234,test_234,"앤은 로빈에게 산호수 자전거 투어에 대해 인터뷰한다. 로빈은 그들이 어떻게 시작하는지, 얼마나 걸리는지, 그리고 올해는 몇 명이 참가하는지를 소개한다."
235,test_235,#Person2#는 #Person1#의 도움으로 젓는 애프터 디저트와 시그니처 음료인 싱거를 주문했습니다. #Person2#는 그것들을 매우 좋아합니다.
236,test_236,"에릭과 그레고리는 점심을 먹으러 가기로 한다. 에릭은 지난 주말에 번지 점프를 하고 있었다고 말한다. 그레고리는 그것을 무서워하며, 에릭이 정신이 나갔다고 생각한다."
237,test_237,"#Person2#는 #Person1#에게 노르망디 상륙작전에 대한 정보를 찾는 데 도움을 주며, 자세한 정보를 원한다면 역사책을 읽는 것을 권한다."
238,test_238,"#Person2#는 훈련을 시작한 지 얼마되지 않았습니다. #Person1#은 #Person2#에게 몇 가지 팁을 제공합니다. #Person1#은 #Person2#에게 무게를 줄이고 먼저 스트레칭을 하라고 조언하며, 철봉을 들어올리기 전에 그렇게 해야 한다고 말합니다."
239,test_239,#Person2#는 #Person1#에게 캠퍼스 내 주차장을 알려주지만 현재 상태는 모른다고 말합니다.
240,test_240,"수잔은 에밀리에게 급여 명세서 상단부터 시작하여 FICA와 SUI 세금, 메디케어, 그리고 건강 보험 계획에 대한 공제에 대해 설명한다. 에밀리는 이제 자신의 급여를 이해할 수 있다."
241,test_241,"#Person2#가 #Person1#에게 기계에서 간식을 사는 방법을 가르치며, 자판기가 신뢰할 수 없다고 말한다."
242,test_242,"#Person2#는 #Person1#에게 자신과 인터넷에서 만난 여자친구와 함께 태국에 갈 것이라고 말한다. #Person1#은 이것이 놀랍다고 생각하지만, #Person2#는 이 방법이 사람들에게 더 빠른 시간 내에 서로를 알게 한다고 믿는다."
243,test_243,케이트는 제임스에게 새로 구입한 가구와 장식을 보여주며 그의 의견을 물어봅니다. 제임스는 카펫이 예전 것과 비슷하다고 생각합니다.
244,test_244,"#Person2#는 빌에게 일정에 따라 하루 종일 다양한 운동을 시키지만, 빌은 그것들을 좋아하지 않는다."
245,test_245,"마르케트는 #Person1#에게 과학 과목에 등록할 것을 권하지만, #Person1#의 지도학 점수는 높지 않다."
246,test_246,"팀과 #Person1#은 팀의 프로젝트인 '더욱 친환경적인 삶을 어떻게 이끌어갈 것인가'에 대해 이야기한다. 팀은 자전거를 타고 학교에 가며, 학교에서의 종이 소비량을 줄이고, 학교가 카페테리아에서 더 친환경적이어야 한다고 주장한다."
247,test_247,"토니와 #Person1#은 크리스마스 시즌에 대해 이야기한다. #Person1#은 일 때문에 피곤하며, 모든 것이 잘못되고 있다고 느낀다. #Person1#은 쇼핑 센터에서 일하는데, 쇼핑객들은 그녀를 밀었다."
248,test_248,빌이 수에게 자신의 생일 케이크를 맛보라고 권하지만 수는 의사를 따르기로 결정한다. 그녀는 특정한 음식을 먹지 않는다. #Person1#은 그녀를 위해 수프를 가져오기로 한다.
249,test_249,#Person2#는 #Person1#의 도움으로 여름 옷을 사고 있습니다. #Person2#는 티셔츠와 치마를 선택했습니다.
250,test_250,#Person1#의 티켓이 취소되었습니다. #Person1#은 다음 것을 원합니다.
251,test_251,#Person2#의 가족이 부활절에 모여 있고 #Person2#는 #Person1#에게 가족들이 어떻게 재회하는지 설명한다.
252,test_252,"#Person1#은 #Person2#에게 토니가 나쁜 습관을 가지고 있다고 말한다. #Person2#는 #Person1#에게 그를 안내하고, 좋은 행동을 보상하며, 나쁜 기분에 대한 처벌을 강조하지 않는 것이 좋다고 조언한다."
253,test_253,"#Person1#은 #Person2#에게 줄리와 알렉스가 결혼한다고 말한다. 그리고 #Person1#은 알렉스의 베스트맨과 이야기하고 있다. #Person1#은 남자들만의 파티를 제안하고, #Person2#는 웬디의 이별 파티를 위해 준비하고 있다."
254,test_254,"#Person2#는 #Person1#에게 투표용지를 받는 방법을 물었고, #Person1#는 그것을 제공했다."
255,test_255,"#Person1#과 #Person2#는 회사가 인력을 줄인다는 소식을 듣고 각자의 친구들 중 누가 해고될 수 있는지 논의한다. 결국, 두 사람 모두 자신이 해고될 것이라고 생각한다."
256,test_256,#Person2#는 #Person1#에게 중국 스타일 이혼이라는 중국 TV 시리즈를 보고 있다고 말한다. #Person1#는 그것이 좋았다고 생각하며 이혼에 대한 의견을 공유한다.
257,test_257,주디와 #Person1#은 여행의 교통비와 숙박비에 대해 논의한다. 그들은 유스호스텔을 선택하여 비용을 줄일 계획이다.
258,test_258,#Person1#과 #Person2# 모두 메리의 결혼에 놀라워한다.
259,test_259,#Person2#는 지갑을 잃어버렸고 #Person1#에게 50달러를 빌려달라고 요청했다. #Person1#은 동의하고 그 후에 함께 갈 것을 제안했다.
260,test_260,"#Person1#은 #Person2#에게 뉴스를 알려주는데, #Person2#의 주요 공급업체인 머피 뮤직과 U-튠즈가 합병했다고 합니다. #Person2#는 그것을 믿지 않고, #Person1#은 그것이 확실하다고 생각합니다."
261,test_261,"조는 #Person1#의 새로운 비서가 거만하다고 생각하고, #Person1#은 그녀가 도움이 된다고 생각한다."
262,test_262,"사라는 #Person1#에게 회의에서 그녀의 제안이 아무도 듣지 못했다며 화가 난다고 말한다. #Person1#은 그녀에게 짧고 간결하게 말하고, 회의 후에 중요한 사람들을 만나서 이야기하는 것을 조언한다."
263,test_263,"#Person2#는 #Person1#에게 이슬람에 관한 프로그램을 소개하고, #Person1#와 함께 무슬림들이 메카로 순례를 가는 이유를 논의한다. 그들은 또한 다른 나라의 순례에 대해 이야기하고, 사람들이 치유받는 것과 관련하여 #Person2#의 의견을 공유한다."
264,test_264,테드는 제니에게 반한 상태지만 그녀에게 고백할 용기가 없다. 마이크는 그에게 용기를 내라고 권한다.
265,test_265,#Person2#는 #Person1#에게 화가 날 때 어떻게 하고 보통 무엇을 하는지에 대해 이야기한다.
266,test_266,"#Person2#는 #Person1#에게 뉴질랜드에 있는 가족들을 소개한다. #Person2#는 빌과 그의 두 딸, 사라와 제인에 대해 설명하며, 이들이 #Person1#의 사촌임을 밝힌다."
267,test_267,#Person1#과 #Person2#는 도시 마라톤에서 우승한 #Person2#에게 축하의 말을 합니다.
268,test_268,"#Person2#는 #Person1#에게 아이들, 아내를 위한 선물을 고르는 데 도움을 청한다. #Person1#은 운동화와 향수를 추천하고, #Person2#는 그들을 구입한다. 하지만 #Person2#는 총 구매액이 300달러를 넘어서면 안 된다는 것을 깨닫고, 결국에는 향수를 하나만 산다."
269,test_269,홍은 #Person1#에게 현지 SIM 카드를 사서 영국에 전화하는 것을 제안한다. #Person1#은 그것이 저렴하다고 생각하고 기뻐한다.
270,test_270,브라운 씨는 #Person2#에게 그들의 회사에서의 급여와 혜택에 대해 설명한다. #Person2#는 그것에 만족한다.
271,test_271,#Person1#와 #Person2#는 각자의 성격에 대해 이야기한다. 그 후 #Person2#는 #Person1#를 자신의 생일 파티에 초대한다.
272,test_272,"#Person1#은 #Person2#에게 자신과 가족을 위한 집을 찾고 있으며, 지역, 크기, 학군, 그리고 전망에 대한 몇 가지 요구사항을 말합니다. #Person2#는 몇 일 내로 그들에게 연락할 것입니다."
273,test_273,그랜트 씨는 #Person2#에게 샘플을 보관하도록 요청하고 다음 주에 연락할 것이라고 말했습니다.
274,test_274,#Person1#이 #Person2#에게 PHS에서 Sons로 가는 버스에 대해 묻습니다. #Person2#는 두 가지 방법을 제시합니다.
275,test_275,이씨와 워드 여사는 비 오는 날에 함께 집에 가고 있다.
276,test_276,#Person2#의 어깨를 검사하고 #Person1#은 엑스레이를 찍어야 한다고 말합니다. 그래서 #Person2#는 병원에 머물게 됩니다.
277,test_277,#Person2#는 #Person2#의 국제 신용카드를 잃어버렸다고 #Person1#에게 알립니다. #Person1#은 #Person2#를 위로하고 세부 정보를 요청합니다.
278,test_278,#Person1#은 #Person2#에게 전화기를 뽑아놓으라고 요청한다. #Person2#는 저녁 준비를 할 것이며 #Person1#은 깨우지 않는다.
279,test_279,#Person2#는 #Person1#의 도움으로 중국 음식을 주문하고 2인분 식사를 한다. #Person2#는 고추장을 요청한다. #Person2#는 만족하며 식사를 하고 감사하다고 말한다.
280,test_280,#Person1#와 #Person2#는 식기류를 가져온 후 줄을 서며 음식의 향수를 느낀다.
281,test_281,루시는 #Person1#이 자신을 노래하도록 설득하고 스탠리를 위해 엘비스의 노래를 틀어줍니다.
282,test_282,#Person2#는 #Person1#에게 사람들이 만나는 장소로 영화관을 개선하는 것이 좋은 생각이라고 말한다.
283,test_283,"#Person1#과 #Person2#는 갈색 드레스에 대해 이야기하고, 결국 #Person2#는 흰색 면 드레스를 선택합니다."
284,test_284,"조슈아는 #Person2#에게 용돈을 요구하지만 #Person2#는 그것을 잊어버립니다. 그래서 조슈아는 #Person2#에게 돈을 빌리고 싶지만 #Person2#는 돈이 없다며, 결국 조슈아는 #Person2#의 비밀 돈통에서 돈을 얻습니다."
285,test_285,#Person1#과 #Person2# 모두 마이크의 생일 파티에 초대받았다. #Person1#은 마이크에게 전화해서 파티 시간을 확인할 것이다.
286,test_286,#Person2#는 #Person1#에게 소포를 우등 우편으로 보내고 50달러의 보험을 구매하는 데 도움을 줍니다.
287,test_287,#Person1#과 #Person2#는 최근의 태풍에 대해 이야기하고 있다. 그리고 그들은 지진이 얼마나 파괴적일 수 있는지를 알기 위해 중국의 지진에 대해 이야기한다.
288,test_288,"#Person1#과 #Person2#는 날씨에 대해 이야기합니다. #Person2#는 장마가 곧 끝날 것이며, #Person1#는 봄이 곧 올 것을 기대합니다."
289,test_289,#Person1#과 #Person2#는 배구 경기를 본 후 올림픽 기념품 가게에 가기로 계획했습니다. 그들은 마스코트와 다른 올림픽 기념품들에 대해 이야기하고 있습니다.
290,test_290,#Person1#은 #Person2#의 도움으로 16인치 알루미늄 팬과 나무 핸들을 가진 뚜껑이 있는 팬을 구입했습니다.
291,test_291,#Person1#와 #Person2#는 함께 일하고 있습니다. 그들은 5시에 퇴근하여 함께 집에 갈 예정입니다.
292,test_292,"#Person1#은 베커 씨에게 그녀의 사무실과 업무에 대해 묻습니다. #Person1#은 그것이 흥미롭게 들리고, 베커 씨는 그것을 사랑한다고 말합니다. 그녀는 #Person1#에게 연방 직원들이 보수적이고, 능력 있는 전문가라고 말합니다."
293,test_293,"헨리와 피트는 #Person1#에게 자기들의 고향에 대해 이야기한다. 그리고 그들은 저녁 식사를 하고 노래방에 가기로 결정하지만, 피트는 노래를 싫어하고, 그래서 그들은 바에 가기로 한다."
294,test_294,"줄리는 지난 일요일에 아팠지만 이제는 괜찮다고 말한다. 그녀는 그 이유가 프라이드 치킨 때문이라고 생각하고, 반 친구들이 그녀에게 수업 노트를 제공했다."
295,test_295,마이크의 엄마는 그녀의 친구들을 위해 많은 것을 준비해야 합니다. 마이크는 그녀에게 도움을 제안하고 커피를 내릴 것입니다. 그들은 또한 음료수를 사고 과일을 준비할 것입니다.
296,test_296,#Person1#과 #Person2#는 베를린에 도착했다. #Person2#는 버스 여행이 불편하고 지루하다고 느낀다. 그래서 #Person1#은 #Person2#에게 다음 번에는 비행기를 타는 것이 좋다고 조언한다.
297,test_297,"#Person1#은 #Person2#에게 인터뷰를 합니다. #Person2#는 여행을 좋아하고 사람들이 만족스러워하는지 확인하는 것을 좋아합니다. #Person2#는 몇 가지 언어를 구사하며, 공개 연설을 잘합니다."
298,test_298,에이미와 지미는 어제 지미가 소풍을 다녀온 일에 대해 이야기한다. 에이미는 지미에게 그의 책을 돌려주기 위해 전화했다. 지미는 그녀를 카페에서 만날 것이다.
299,test_299,피터는 #Person1#에게 먼저 정원에 물을 주라고 제안한다. 하지만 비가 올 것이기 때문에 #Person1#은 차를 마시러 가게 된다.
300,test_300,#Person1#은 주문을 잃는 것을 막기 위해 #Person2#에게 비상 회의를 요청합니다.
301,test_301,"#Person1#은 #Person2#에게 등기 편지를 보낼 때 필요한 우표의 가격을 알려주고, #Person2#는 그것을 사고 나서 그들에게 돈을 지불한다."
302,test_302,"#Person1#은 #Person2#에게 항생제와 크림을 처방하고, #Person2#는 병원의 약국에서 할인을 받을 수 있다."
303,test_303,"#Person1#은 #Person2#에게 중국의 예술과 공예품에 대해 설명합니다. #Person2#는 중국 특유의 것이면서도 가볍게 들고 다닐 수 있는 것을 원하므로, #Person1#은 자수품을 추천합니다."
304,test_304,#Person1#은 #Person2#에게 에펠탑의 역사와 크기에 대해 설명합니다.
305,test_305,브라이언이 #Person1#에게 그의 영어 능력과 미국 방문 경험에 대해 이야기한다.
306,test_306,#Person2#는 #Person1#에게 한 시간 전부터 돌아와야 할 남자친구에 대해 불안해하고 있습니다.
307,test_307,"#Person1#은 #Person2#에게 일이 잘 되고 있다고 말하지만, 이것이 앞으로 문제가 생기게 될 것이라고 경고한다. #Person2#는 동의하지 않는다."
308,test_308,#Person1#과 #Person2#는 존과 그녀가 데이트를 하는 것에 대해 이야기한다.
309,test_309,"#Person1#과 #Person2#는 역사적 장소에 대해 이야기한다. 그들은 넬슨 기둥, 웨스트민스터 대성당, 템즈 강변에 보아디케아의 동상, 그리고 런던 타워에 대해 이야기한다. #Person2#는 또한 마가렛 대처에 대해 언급한다. #Person1#은 마담 투소의 밀랍 인형 박물관에 대해 생각한다."
310,test_310,"다니엘은 #Person2#에게 자신이 과학을 가장 좋아한다고 말합니다. #Person2#는 다니엘이 체육을 좋아해야 한다고 생각하지만, 다니엘은 그것에 대해 동의하지 않습니다."
311,test_311,#Person2#는 #Person1#의 베이비 샤워를 계획하고 #Person1#에게 많은 선물을 준다. #Person1#는 선물들이 너무 좋다고 생각한다. #Person1#는 충분히 편안해져서 아이를 낳기로 결정한다.
312,test_312,#Person1#은 중국에 여행하고 싶지만 #Person1#의 엄마는 시간이 없다.
313,test_313,팀과 카렌이 작별 인사를 합니다.
314,test_314,#Person2#는 #Person1#에게 마이클의 오토바이를 시험해보고 그녀가 그것이 좋았다고 말한다. #Person2#는 자전거를 사고 싶어한다.
315,test_315,"#Person1#은 #Person2#의 언어 능력을 묻습니다. #Person2#는 중국어, 영어, 그리고 프랑스어를 구사하며, 그 중에서도 영어가 가장 좋습니다."
316,test_316,앤디는 나오미에게 전화하지만 #Person1#이 받습니다. #Person1#은 그녀에게 메시지를 전달할 것입니다.
317,test_317,"#Person1#은 뉴욕행 비행기를 타려고 했지만, 비행기가 취소되어서 #Person2#에게 내일 비행기를 예약하도록 요청했다. 하지만 #Person1#은 줄을 기다리는 것을 싫어하기 때문에, #Person2#는 #Person1#의 내일 비행기 예약을 도와주며 50% 할인을 해준다."
318,test_318,"#Person1#과 #Person2#는 점심으로 버거퀸에 가기로 결정한다. #Person1#은 그곳의 음식이 맛있다고 생각하며, #Person2#는 동의한다. 그들은 음식을 주문하기 위해 기다리는 것이 좋다고 생각한다."
319,test_319,#Person2#는 #Person1#에게 #Person2#의 초과된 짐에 취약한 물품 표시를 달아달라고 요청합니다.
320,test_320,#Person1#이 목이 마릅니다. #Person2#는 #Person1#에게 소다 대신 물을 마시라고 조언합니다.
321,test_321,왕 묘가 전화를 걸어 내일 량 씨와의 약속을 취소하려고 한다. #Person1#은 량 씨에게 이를 알려줄 것이다.
322,test_322,#Person1#은 #Person2#의 조언에 따라 30사이즈의 유광 가죽 신발 한 켤레를 구입했습니다.
323,test_323,"벤자민은 프로젝트 보고서를 어떻게 작성할지 모른다고 불평한다. #Person1#은 벤자민에게 보고서의 각 부분과 보고서의 형식에 대해 설명하고, 그 후에 마이크로소프트 워드를 어떻게 사용하는지 가르친다."
324,test_324,마티는 #Person2#에게 해산물 피자를 주문하고 도우를 얇게 만들어 달라고 요청했습니다. #Person2#는 주문이 완료되기 전에 자신의 주소를 제공했습니다.
325,test_325,"#Person1#은 #Person2#의 도움으로 새우 칵테일, 계란 수프, 양파 스테이크, 그리고 블랙 커피를 주문했습니다."
326,test_326,#Person1#이 #Person2#에게 집의 구조와 내부 시설에 대해 설명한다.
327,test_327,"#Person2#는 구매한 제품에 대한 불만을 제기한다. #Person2#는 제품에 많은 긁힘이 있으며, 소음이 너무 크다고 생각한다. #Person1#은 #Person2#에게 다른 모델로 교환하거나 환불해줄 수 있다고 말한다. #Person2#는 영수증을 가지고 있지 않아서, #Person2#는 화가 나 있다."
328,test_328,"#Person1#은 #Person2#에게 기숙사 보증금을 내도록 설득하려고 한다. 왜냐하면 #Person2#는 기숙사에서 살기로 결정하고 있기 때문이다. #Person2#는 캠퍼스 밖에서 살고 싶지만, 그것이 더 비싸다는 것을 알게 된다."
329,test_329,"#Person1#과 #Person2#는 중고 서점에서 둘러보고 있다. #Person1#은 1893년에 쓰인 메모가 있는 책을 발견하고, 그것을 사서 도서관에서 비슷한 이름을 찾으려 한다. #Person2#는 그것보다 더 좋은 구매라고 생각한다."
330,test_330,#Person1#은 #Person2#에게 중앙에 있는 테이블을 예약하고 싶다고 말한다. #Person2#는 또한 #Person1#에게 베이징 오리를 추천하지만 #Person1#은 친구를 기다리는 동안 음식을 조금 늦게 만들어 달라고 요청한다.
331,test_331,#Person1#은 #Person2#에게 아들의 편지를 보내는 방법과 소포를 보내는 방법을 물었습니다.
332,test_332,"톰이 샐리와 존에게 편지를 보내며, 그들이 도시로 오면 그가 그들을 데려갈 것이라고 말했다."
333,test_333,#Person1#과 #Person2# 모두 컴퓨터 사용에 대해 어려움을 겪고 있다.
334,test_334,"#Person1#과 #Person2# 모두 가을을 좋아한다. #Person2#는 소풍에 가고 싶어하고, #Person1#은 비가 오지 않는다면 동의할 것이다."
335,test_335,"#Person1#은 #Person2#에게 컴퓨터에 대한 일반적인 정보를 찾아달라고 요청하고, #Person2#는 #Person1#에게 어떻게 찾는지 보여줍니다."
336,test_336,#Person1#과 #Person3#는 #Person2#의 식사 주문을 도와줍니다.
337,test_337,#Person2#는 #Person1#의 도움으로 레모네이드와 바비큐 윙을 주문했습니다. 그 후 #Person2#는 추가로 베이비 백 립을 주문했습니다.
338,test_338,#Person1#이 #Person2#에게 물과 커피를 가져다 줍니다. #Person2#는 나중에 디저트를 주문할 예정입니다.
339,test_339,"#Person1#과 #Person2#는 서로에게 질문을 하고 있다. 그들은 에릭의 데이트 제안, 로또 당첨, 그리고 #Person1#의 엄마의 반응 등에 대해 이야기한다."
340,test_340,#Person1#은 #Person2#에게 #Person1#의 새 강아지를 보여준다. #Person2#는 그것이 매우 귀엽다고 생각한다.
341,test_341,#Person1#은 엄마에게 톰이 더 잘난 체한다고 말한다. #Person1#과 엄마 모두 버스가 늦어서 화가 나 있다. #Person1#은 언젠가 비행기를 사줄 것이다.
342,test_342,#Person2#는 #Person1#의 가게에서 치마를 선택하고 있습니다. #Person2#는 가격에 놀랍니다.
343,test_343,#Person2#는 #Person1#에게 #Person2#의 도시가 200년 전까지만 해도 작은 마을이었다고 말합니다. 도시는 석탄 덕분에 빠르게 성장하고 주변 마을들을 흡수했습니다. 도시에는 200년 이상 된 건물들이 있습니다.
344,test_344,"#Person1#과 #Person2#는 다양한 환경 문제들, 즉 대기 오염, 열대우림 파괴 및 사막화 등에 대해 이야기한다. #Person2#는 환경 보호에 헌신하는 조직에 가입하려고 한다."
345,test_345,데니스는 #Person2#에게 인터넷에서 채팅을 즐기는 방법에 대해 묻습니다. 왜냐하면 그는 온라인에서 만난 한 남자가 그를 이상적인 여성으로 생각한다고 말하기 때문입니다.
346,test_346,"네이선은 #Person1#에게 시카고로 가는 것이 매우 설렌다고 말한다. #Person1#은 그에게 걱정하며, 그에게 경험이 중요하다고 상기시키지만, 네이선은 자신감을 가지고 있다."
347,test_347,#Person2#는 #Person1#의 도움으로 은색 토요타 캐롤라를 빌립니다.
348,test_348,"#Person2#는 #Person1#에게 뉴욕의 유명한 장소들, 뉴욕의 대학들, 그리고 #Person1#에게 도시의 지도를 제공하고 관광객 안내소를 방문하도록 권장한다."
349,test_349,#Person1#은 #Person2#에게 필름을 현상해달라고 요청한다.
350,test_350,"#Person1#의 비행기가 지연되었습니다. #Person2#는 #Person1#에게 이에 대해 설명하고, 가능한 한 빨리 #Person1#에게 새로운 소식을 알려달라고 요청합니다."
351,test_351,#Person2#는 #Person1#의 질문에 대해 답할 수 없어서 경찰관에게 물어보라고 제안했다.
352,test_352,#Person2#는 #Person1#에게 신문의 내용과 일기 예보에 대해 알려줍니다.
353,test_353,#Person1#은 컴퓨터 게임이 너무 폭력적이라고 생각하지만 #Person2#는 그것들이 그렇게 나쁘지 않다고 생각한다.
354,test_354,#Person1#과 #Person2#는 저녁 식사 후에 무엇을 할지 논의한다. 결국 그들은 운동장을 방문하고 친구들을 만날 계획이다.
355,test_355,#Person1#과 #Person2#는 먼저 식사를 주문하고 그 다음에는 하우스 레드 한 병을 주문하기로 결정했다.
356,test_356,#Person2#는 #Person1#에게 #Person2#의 안내 경험에 대해 이야기합니다.
357,test_357,잭이 #Person1#에게 그의 호텔 체크인에 대해 묻는다.
358,test_358,질이 마크에게 전화를 걸었는데 마크는 심한 숙취 때문에 출근하지 못했다. 질은 또한 마크에게 빌이 딸을 낳아서 축하하러 오라고 초대한다.
359,test_359,#Person1#이 #Person2#에게 영화관에 가자고 제안한다. 하지만 #Person2#의 남편이 그것을 허락하지 않으므로 그녀는 거절한다.
360,test_360,#Person1#과 #Person2#는 야구 경기를 보고 있습니다. 그들은 경기에 대해 이야기하고 여기가 훌륭한 장소라고 생각합니다.
361,test_361,#Person2#는 #Person1#의 도움에 대해 감사하고 있습니다.
362,test_362,"#Person2#는 #Person1#에게 그들의 나라가 구리를 수출하고 철과 알루미늄을 수입하며, 귀중한 돌을 발견했지만 아직 상업적으로 이용 가능한 양이 충분하지 않다고 말한다. #Person2#는 정부가 장기적인 프로젝트에 돈을 투자하길 원한다."
363,test_363,"#Person1#과 #Person2# 모두 예술 애호가이며, #Person1#은 #Person2#에게 내일 국립 갤러리에서 열리는 전시회에 초대한다. 그들은 12시 30분에 만나기로 계획하고 있다."
364,test_364,#Person2#는 #Person1#의 도움으로 책을 반납하고 비디오를 대출한다.
365,test_365,#Person1#이 #Person2#에게 볼링 규칙을 설명합니다. #Person2#는 이해하지 못하고 다시 알려달라고 요청합니다.
366,test_366,#Person2#는 #Person1#에게 은행과 증권사 간에 송금할 수 있는 새로운 서비스에 대해 묻습니다. #Person1#은 #Person2#에게 맞춤형 상담 서비스도 제공한다고 말합니다.
367,test_367,"#Person1#은 #Person2#에게 호텔에서 짐을 보관하는 것을 요청한다. #Person2#은 #Person1#에게 보증금을 지불하라고 말하고, #Person1#은 이를 고민한다."
368,test_368,#Person2#는 #Person1#의 도움으로 뷔페를 주문하고 음식과 음료에 대한 가격을 알아냅니다.
369,test_369,"#Person2#는 해외 유학을 위해 대출을 원하고, #Person1#는 #Person2#에게 해외유학 대출에 대해 설명한다. #Person2#는 #Person2#의 부모님과 상의한 후에 결정하겠다고 한다."
370,test_370,#Person2#는 #Person1#에게 영어 노래를 찾아주고 있다.
371,test_371,#Person2#의 글쓰기 경험과 #Person1#의 직무에 대한 관심을 묻는 질문에 대해 답변하고 있다.
372,test_372,#Person1#과 #Person2#는 면접 결과에 대한 문의와 그 작성 방법에 대해 이야기한다. 그들은 또한 면접 결과를 받기 위해 주의해야 할 사항에 대해서도 논의한다.
373,test_373,#Person2#가 #Person1#에게 자신의 집을 안내한다. #Person1#은 집과 나무에 매달려 있는 옥수스 이삭에 대해 칭찬한다.
374,test_374,#Person1#은 #Person2#에게 체크아웃을 요청하지만 #Person2#는 아직 준비가 되지 않았다. #Person1#은 보통 보증금으로 사용되는 자신의 수하물로 보증금을 지불할 것이다.
375,test_375,"브랜든이 #Person1#에게 새로운 웹사이트를 추천한다. #Person1#은 그것이 무료라는 말에도 불구하고 신용카드 번호를 요구하기 때문에 의심스럽다고 생각한다. 또한, 웹사이트의 언어도 문제가 있다. #Person1#은 이것이 사기가 있을 수도 있다고 생각하고, 브랜든은 너무 쉽게 속아들었다고 생각한다."
376,test_376,#Person1#과 #Person2# 모두 교장이 지방 정부로부터 지원금을 받아서 곧 새로운 실험실 건물을 지을 것이라는 점에 동의합니다.
377,test_377,케이트는 #Person2#에게 자신이 새 신용카드로 현금 없는 소비를 한 것과 은행의 청구 내역에 대해 이야기합니다.
378,test_378,#Person1#은 스미스씨에게 마을 방문을 위한 두 가지 옵션을 제시합니다. 스미스씨는 산악 지역의 마을을 선호하고 #Person1#과 함께 일찍 일어나기로 합니다.
379,test_379,"벳은 #Person1#에게 스트레스와 우울증을 다루는 방법은 오이를 먹고 잠을 자는 것이라고 말합니다. 그녀는 아기를 가지게 되면서 목표를 이루는 데 방해받았습니다. 그녀는 아기를 사랑하며, 그녀가 순수하고 착하다고 생각합니다. 그녀는 미래에 변호사가 되고 싶다고 말합니다. 그녀는 자신의 목표와 꿈에 대해 이야기하고, 청소년들에게 조언을 합니다."
380,test_380,#Person2#는 #Person1#에게 우표 수집에 대해 이야기하고 첫 우표에 대한 정보를 공유한다.
381,test_381,"톰은 #Person1#에게 그가 어떻게 사업가가 되었는지, 회사의 자금을 어떻게 마련했는지, 그리고 그가 얼마나 친환경인지에 대해 이야기한다. 또한, 그는 자신의 실수에 대해서도 이야기한다."
382,test_382,"존 데이 형사 부장은 #Person1#에게 40대의 한 남자가 니스든의 보행자 지하도에서 발견되었으며, 그의 죽음은 다발성 두부 손상으로 인한 것으로 의심되고 있다고 말한다. 존은 또한 남자의 움직임과 그를 발견한 사람들의 가능성을 설명한다."
383,test_383,셰리는 밥에게 내년 여름에 퀘벡 주를 방문하고 몬트리올에 있는 친구의 결혼식에 참석할 계획이라고 말한다. 밥은 셰리에게 몬트리올은 수도가 아니며 영어와 프랑스어를 모두 사용한다고 말한다. 또한 그는 셰리에게 퀘벡 시가 역사적이고 아름답다고 말한다.
384,test_384,"톰은 제인이 수영하고 싶지 않다는 이유로 그릴에서 저녁 식사를 하자고 제안한다. 하지만 제인은 논문 마감 때문에 걱정한다. 결국, 그들은 서로의 일에 대해 이야기하기로 한다."
385,test_385,#Person2#는 #Person1#에게 매일 세 번씩 약을 복용하라고 조언했다.
386,test_386,#Person1#의 휴대폰이 먹통이 되었고 #Person1#은 200 위안을 빌리기 위해 프레드에게 찾아갔다. 프레드는 동의했다.
387,test_387,#Person1#은 자신의 글씨에 만족하지 않습니다. #Person2#는 #Person1#에게 인내심을 가지라고 조언합니다.
388,test_388,#Person1#은 #Person2#의 속눈썹 집는 행동에 대해 걱정하고 있다. #Person2#는 자신에게 아무런 문제도 없다고 생각한다.
389,test_389,#Person2#는 #Person1#에게 운전 수업에 대해 묻습니다. #Person1#은 주말 수업에 대한 세부 사항을 알려줍니다. #Person2#는 만족스러워 합니다.
390,test_390,티나는 #Person1#에게 그녀가 8년 동안 피아노를 연주하고 있으며 지금까지 같은 선생님에게 배웠다고 말한다. 티나는 #Person1#에게 그녀의 선생님에게 가르쳐달라고 요청할 것이다.
391,test_391,#Person2#는 #Person1#에게 #Person2#의 장단점을 말한다. #Person2#는 또한 5년 후에 어디에 있을 것인지에 대해 이야기한다. #Person1#는 #Person2#를 찾고 있다고 생각한다.
392,test_392,조지는 스테파니가 머리가 아프다고 생각하고 그녀에게 보고서를 늦게 제출하라고 권했다.
393,test_393,데이비드는 도시에서 크리스마스를 보낼 수 없다는 것에 화가 나 있다. 그의 부모님은 그와 함께 시골 호텔에 머무르고 싶어한다.
394,test_394,"밥이 #Person1#에게 그의 주말 계획과 결과를 말하고, #Person1#은 흥정하여 다음 주말에 게임을 하기로 결정한다."
395,test_395,"#Person1#은 #Person2#로부터 돈을 빌리려 한다. #Person2#는 #Person1#에게 몇 가지 조언을 하며, 그 후에 #Person1#에게 돈을 빌려준다."
396,test_396,"#Person2#는 #Person1#에게 재킷과 넥타이를 착용해야 한다고 말하고, #Person1#는 그것을 가져오는 데 시간이 걸릴 것입니다. 그래서 그들은 회의 시간을 미룹니다."
397,test_397,"#Person2#는 #Person1#에게 아이들이 처음으로 혼자 떠난다는 사실에 대해 불행해하지만 곧 회복했다고 말합니다. 그들은 에든버러와 에든버러 성을 방문하고, 천장 등반과 말 타기를 하며, 바베큐 파티를 했습니다."
398,test_398,#Person1#과 #Person2# 모두 컴퓨터 전공자가 되기 위해 노력하고 있다. #Person2#는 사업을 시작하기 위한 준비로 수업을 듣기 위해 대학 입학 요건을 알고 싶어한다.
399,test_399,칼리나는 어제 차를 나무에 박아서 몇 일 동안 학교를 쉬어야 합니다. 그녀는 클라크 교수에게 전화하여 이 사실을 알립니다.
400,test_400,#Person2#는 #Person1#에게 자신과 자신의 집주인 사이의 문제에 대해 이야기한다. #Person2#는 집주인이 수리 비용을 지불하는 데 동의하지 않아서 불평하고 있다.
401,test_401,"터너 인테리어에서 온 #Person2#는 도쿄에서 온 수출용 L/C를 요청하고, #Person1#에게서 그것을 받았습니다."
402,test_402,미르달의 지갑이 사라졌다. 찰리는 그녀에게 기억나는 것을 물어보고 핫도그 판매대로 가려고 한다.
403,test_403,#Person1#과 #Person2#는 번갈아 설거지를 합니다.
404,test_404,#Person1#과 #Person2#는 서로에게 깊이 사랑하고 있다. 처음에는 #Person1#이 이별의 의지를 보여준다. 그런 다음 #Person2#가 #Person1#을 설득하여 이별을 포기하도록 한다.
405,test_405,#Person1#과 #Person2# 모두 실업이 큰 사회 문제라고 생각한다.
406,test_406,#Person1#이 #Person2#에게 복장 파티를 위해 쇼핑하러 가자고 요청한다. #Person2#는 동의하고 복장을 추천한다. 그들은 오전 10시에 만나기로 한다.
407,test_407,#Person1#과 #Person2#는 놀라운 음악을 연주하는 나이트클럽에서 춤추고 있습니다. #Person1#은 빠른 음악에 맞춰 춤추는 것과 디스코를 좋아합니다. 하지만 느린 댄스에는 관심이 없습니다.
408,test_408,#Person1#은 사무실 생활에서 벗어나 농장을 소유하고 싶어한다. #Person2#는 동의하지만 #Person1#에게 농부로서의 훈련이 필요하다고 말한다. #Person2#는 그런 경험을 시도해보는 것을 즐길 것이다.
409,test_409,#Person1#이 #Person2#에게서 음료를 사고 싶어합니다. #Person1#은 가격이 너무 비싸다고 생각하고 화가 납니다.
410,test_410,메리는 #Person1#에게 어제 밤에 앤과 큰 싸움을 했다고 말한다. 그들은 해변에 가려고 계획했다. 그러나 앤이 남자친구와 계획을 세워서 취소해야 했다. 그래서 메리는 앤이 그들의 우정을 신경 쓰지 않는다며 화를 냈다. #Person1#은 메리에게 화해하라고 조언한다.
411,test_411,#Person2#는 #Person1#에게 담배와 기념품을 사기 위해 1층으로 내려가라고 말한다.
412,test_412,톰과 캐서린은 패스트푸드와 패스트푸드 문화에 대해 이야기한다. 그들은 사람들이 패스트푸드를 너무 많이 먹고 그것을 제대로 사용하지 않는다고 생각한다.
413,test_413,"#Person1#은 #Person2#에게 버스의 요금과 정차하는 장소에 대해 묻고, #Person2#가 내리는 것을 돕습니다."
414,test_414,#Person1#은 #Person2#에게 9-11 테러 공격 당시의 경험과 자신의 삼촌이 사망한 것에 대해 이야기합니다. #Person1#은 또한 테러 행위에 대한 생각을 표현합니다.
415,test_415,칼과 그의 아내는 이웃인 척 존스에게 인사를 하고 그들이 이사 온 이유를 설명한다.
416,test_416,"#Person2#님이 #Person1#의 도움으로 완전히 삶은 계란과 토스트, 그리고 나중에 오렌지 주스를 주문했습니다."
417,test_417,#Person1#이 #Person2#에게 잠자리에 들라고 요청하지만 #Person2#는 가계 예산을 살펴보고 싶어한다. #Person1#은 동의하고 #Person2#에게 지하실 문을 닫으라고 말한다.
418,test_418,#Person1#과 제인이 다음 주 월요일 오후에 만나기로 결정했다.
419,test_419,"#Person2#는 #Person2#의 여자친구 제시에게 줄 좋은 선물을 찾고 있다. #Person1#는 여러 가지 보석을 추천한다. #Person2#는 프로포즈하기로 결정하고, #Person1#는 #Person2#가 약혼 반지를 고르는 데 도와준다."
420,test_420,"#Person1#은 #Person2#에게 자신의 오래된 포드 핀토를 매입하고 싶다고 말한다. #Person2#는 #Person1#에게 이번 달에 모든 모델이 세일 중이라고 알려주고, #Person1#이 관심을 보이는 포드 포커스에 대해 설명한다. #Person1#은 그것을 시험해보고 싶어한다."
421,test_421,애플 코퍼레이션이 발람에게 전화를 걸어 컴퓨터 엔지니어로 고용하겠다고 제안한다. 그들은 월급에 대해 협상하고 발람은 월요일 아침에 출근할 예정이다.
422,test_422,#Person1#은 #Person2#에게 그들의 그룹 회사 본사가 자금 이체와 중앙 집중식 배분을 받게 될 것이라고 말합니다. #Person2#는 이것이 좋은 생각이라고 생각하고 다음날 준비하기로 합니다.
423,test_423,#Person1#이 배가 고프다고 말한다. #Person2#는 #Person1#에게 피넛 버터와 젤리 샌드위치를 만들어 먹으라고 조언한다.
424,test_424,#Person2#는 #Person1#에게 백혈구 수치를 확인하기 위해 피를 뽑아달라고 요청합니다. #Person1#는 잠시 불편함을 느낍니다.
425,test_425,스티븐이 #Person2#에게 전기가 나갔다고 전화한다. #Person2#는 그에게 어떻게 하는지 알려준다.
426,test_426,파울라는 #Person2#에게 집주인이 임대료를 청구하려고 한다는 이유로 자신과 집주인 사이에 발생한 분쟁에 대해 #Person2#의 조언을 요청한다. #Person2#는 동의한다.
427,test_427,#Person1#과 #Person2#는 댄에게 에어컨을 고치도록 요청했다. 그들은 또한 다른 문제들에 대해도 수리공에게 도움을 청할 것이다.
428,test_428,#Person1#과 #Person2# 모두 일자리를 찾고 있다. #Person2#는 전기공 수습생 프로그램에 대해 #Person1#에게 조언한다.
429,test_429,#Person2#는 #Person1#에게 #Person2#와 #Person2#의 사장님 사이의 관계에 대해 이야기한다.
430,test_430,탕 씨가 #Person1#에게 그의 자격증과 외국어 능력을 소개한다.
431,test_431,"#Person2#는 #Person1#의 가게에서 시계를 고르고 있고, 결국 하나를 구매한다."
432,test_432,톰이 아들에게 전화를 걸어 아들의 친구 사라에게 자신의 아들을 돌봐달라고 부탁한다.
433,test_433,에이미는 #Person1#에게 자신의 첫 직장과 그녀가 그곳에서 한 일에 대해 이야기합니다.
434,test_434,"앤드류는 #Person1#에게 자신의 외모 변화에 대해 설명한다. #Person1#은 앤드류가 와푸 다이어트에 가입했다는 사실을 듣고, 이것이 사기가 될 것이라고 생각한다. #Person1#은 앤드류에게 올바른 방법으로 체중을 감량하는 방법을 알려준다. #Person1#은 앤드류에게 적은 양의 식사를 하도록 권하고, 아침 식사 후에는 작은 간식을 먹으라고 조언한다. 또한, #Person1#은 앤드류에게 밤늦게 먹지 않고, 설탕을 줄이고, 물을 마셔야 한다고 말한다."
435,test_435,그렉은 메리에게 전화를 걸어 그녀가 브라운 대학에 입학하는 것에 대해 이야기한다. 그렉은 메리에게 대학 스포츠에 관심이 있는지 묻는다.
436,test_436,#Person2#는 #Person1#의 요청에 따라 천천히 운전하며 기차역으로 #Person1#을 태워줍니다.
437,test_437,브라이언은 #Person1#에게 그의 영어 공부 경험과 미국 방문에 대해 이야기한다.
438,test_438,"#Person2#는 건강검진을 받고 있다. #Person1#은 #Person2#에게 몇 가지 검사를 하며, 각각의 목적과 절차를 설명한다."
439,test_439,"#Person1#은 #Person2#에게 복권에 당첨된다면 세계 일주를 할 것이라고 말한다. #Person2#는 그렇지 않다며, 자신의 아내와 아이들을 위해 큰 집과 정원을 사려고 한다. 그들은 또한 월급 인상이나 밍크 코트 같은 소비재를 원한다."
440,test_440,#Person1#은 결혼을 원하지 않고 #Person2#에게 도움을 청한다. 하지만 #Person2#는 #Person1#의 변화된 태도에 놀라며 #Person1#이 결국 결혼하기로 결정했다는 것을 발견한다.
441,test_441,"#Person1#은 #Person2#에게 이전과 같은 명함을 2,000장 인쇄하도록 요청한다. #Person2#는 #Person1#에게 주문을 완료하고 배송 시간을 알려준다."
442,test_442,"브라이언과 #Person1#은 그들의 회의와 비행기에 대해 논의한다. 그들은 먼저 경영진을 만날 것이며, 회의는 정오에 시작할 것이다."
443,test_443,폴은 #Person1#에게 그의 부모님이 핀란드에 가셨기 때문에 추수감사절 저녁 식사를 하러 오겠다고 말한다. #Person1#은 폴이 혼자가 되는 것을 원치 않는다. 폴은 파이를 가져올 것이다. #Person1#은 와인 한 병을 가져오라고 제안한다.
444,test_444,"존은 수잔에게 자신의 사촌을 돌봐달라고 요청한다. 그녀는 대학에 면접을 보러 오며, 존과 존의 아빠는 금요일에 경기를 보러 가고 토요일에는 하루 종일 바쁠 것이다. 존은 수잔에게 그녀를 낮에 돌보고 저녁에 함께 식사하라고 부탁한다."
445,test_445,"#Person1#과 #Person2#는 벤의 저녁 수업 정보를 찾아보고 있다. 그들은 꽃꽂이와 사진이 흥미롭다고 생각하지만 비싸다. 결국, #Person1#은 인도 요리를 선택하고, 벤은 자리가 남아 있는지 확인하기 위해 전화하겠다고 제안한다."
446,test_446,"#Person1#과 #Person2#는 어디로 저녁 식사를 하러 가야 할지 논의하고 있습니다. 결국, 그들은 내일 저녁에 캐롯츠에 가기로 결정했습니다."
447,test_447,"진은 #Person1#에게 이번 토요일 아침에 운전 면허 시험을 보겠다고 말한다. 왜냐하면 진은 로스앤젤레스로 이사했기 때문이다. 진은 차를 사려고 계획하고 있으며, 차의 안전 기능에 대해 이야기한다."
448,test_448,#Person1#이 #Person2#에게서 갈색 케이스에 들어있는 펜을 구입합니다.
449,test_449,"#Person2#는 #Person1#에게 회사가 미국 암 협회를 지원하기 위해 마라톤을 후원하고, 이를 통해 많은 돈을 모금했다고 말한다. 이는 회사와 미국 암 협회 모두에게 좋았다."
450,test_450,#Person2#가 #Person1#에게 피크 트램으로 가는 방법을 알려줍니다. #Person1#은 그것을 적어둘 것입니다.
451,test_451,#Person2#는 #Person1#의 추천에 따라 샌들우드 부채 세 개를 구입했습니다.
452,test_452,#Person2#는 #Person1#에게 회사의 관점에 영향을 미치는 외부와 내부 요인에 대해 설명한다.
453,test_453,#Person1#과 #Person2#는 주제에 대해 논의하고 있다. 그들은 2시에 준비 회의를 시작하려 한다.
454,test_454,#Person2#는 #Person1#에게 짧은 투어를 추천해달라고 요청한다. #Person1#는 강을 따라가는 여행을 제안한다.
455,test_455,"#Person2#는 #Person1#의 도움으로 버거, 프렌치 프라이, 그리고 바나나 맛의 밀크 쉐이크를 주문했습니다."
456,test_456,#Person1#와 #Person2#는 등 축제를 즐기고 있다. 그들은 사람들이 등에 적힌 글자 퍼즐을 푸는 전통에 대해 이야기한다. 그런 다음 그들은 거대한 용 모양의 등에 매료된다.
457,test_457,"#Person1#이 #Person2#에게 ABC 회사의 첫 두 단계 면접을 통과했다는 것을 알리고, 그들은 축하하기 위해 만날 예정이다."
458,test_458,팀이 카렌과 작별 인사를 합니다.
459,test_459,"#Person2#는 #Person1#에게 스테이플러와 파일 같은 몇 가지 문구를 필요로 한다고 말한다. #Person1#은 #Person2#에게 줄리에게 물어보라고 조언하고, 복사기에 대해 설명한다. 그들은 또한 부서 회의와 사무실 생활에 대해 이야기한다."
460,test_460,#Person1#은 #Person2#에게 목욕기를 어떻게 사용하는지 보여달라고 요청한다.
461,test_461,#Person1#은 #Person2#에게 베스트셀러 진열대의 위치와 기차 여행용 책에 대한 제안을 요청했습니다.
462,test_462,#Person1#은 #Person2#에게 #Person1#의 친구인 이민자에게 읽는 법을 가르치는 것을 도와달라고 요청한다. #Person2#는 동의한다.
463,test_463,#Person2#는 #Person1#의 예약 확인서를 확인하고 #Person1#에게 티켓을 발급합니다.
464,test_464,#Person1#과 #Person2# 모두 냉동 피자로 저녁을 먹을 예정이다. 하지만 #Person1#은 #Person2#에게 함께 요리하는 것을 제안하고 매운 치킨 커리를 만들기로 결정한다. #Person1#은 #Person2#에게 레시피를 알려준다.
465,test_465,"#Person2#가 #Person1#에게 두 대의 전화기에 대해 설명하고, 사용법을 가르칩니다."
466,test_467,톰은 #Person1#에게 중고 제품을 구입할 때 조심해야 한다고 경고한다.
467,test_468,#Person1#과 #Person2#는 중국 사람들이 남은 음식을 집으로 가져가는 것이 흔치 않다는 것에 대해 이야기하고 있다. #Person1#은 그것이 낭비라고 생각한다. #Person2#는 중국의 전통이 식당에서 많은 음식을 주문하는 것이라고 설명한다. #Person1#은 동의한다.
468,test_469,해리는 시장에서 흥정 없이 가방을 사서 싸게 살 수 있었던 것 같아서 화가 나 있다. #Person2#는 해리를 위로하며 흥정이 자유 거래의 규칙이라고 설명한다. 또한 #Person2#는 해리에게 먼저 가격표를 확인하라고 조언한다.
469,test_470,#Person2#는 #Person1#에게 자신이 영어를 능숙하게 사용할 수 있으며 프랑스어와 일본어를 조금 알아낼 수 있다고 말한다.
470,test_471,"#Person2#는 #Person1#에게 새로운 계좌를 개설하는 방법을 알려줍니다. #Person2#는 #Person1#에게 당좌 계좌와 저축 계좌를 개설하도록 요청하며, 초과 인출에 대한 벌금이 적다고 말합니다. #Person2#는 #Person1#의 서류를 확인하고 3주 후에 카드와 PIN 번호를 받을 것이라고 말합니다."
471,test_472,"#Person2#는 #Person1#에게 특별 할인 쿠폰에 대해 설명하고, #Person1#은 설탕 9봉지를 사기로 결정했습니다."
472,test_473,로빈슨 부인이 스티브에게 감사의 말을 한다. 그녀는 그가 일을 아주 잘했다고 생각한다.
473,test_474,"스미스는 기차표를 잃어버렸습니다. #Person1#은 그에게 표를 새로 사라고 요청하고, 스미스는 지갑을 찾았지만 돈이 부족했습니다. #Person1#은 그녀에게 조금 넘긴 금액을 받아들였습니다."
474,test_475,앤은 #Person1#에게 미국으로 가는 비행 중에 항공 웰빙 프로그램을 하라고 조언한다. 왜냐하면 그녀는 그것을 하고 뉴욕에 도착했을 때 전혀 문제가 없었기 때문이다. 하지만 돌아오는 길에는 그렇지 못했다. 앤은 그녀의 경험을 공유하고 #Person1#에게 운동과 물을 권장한다.
475,test_476,메리는 일자리를 찾았습니다. #Person1#의 아버지는 여름 동안 일할 사람들을 필요로 하고 있습니다. #Person1#은 메리에게 그녀의 아버지를 만나보라고 제안합니다.
476,test_477,해리는 #Person1#에게 차에 치이려다가 면밀한 주의로 살아남았다고 말한다. 그들은 위험한 운전자들에 대해 이야기한다.
477,test_478,#Person1#과 #Person2#는 스티븐 케인에게 인터뷰를 합니다. 케인은 자신의 사업을 어떻게 설립했는지 그리고 그것이 어떻게 진행되고 있는지를 설명합니다.
478,test_479,#Person1#과 #Person2#는 자신들이 중년인지 아닌지에 대해 논쟁하고 있다.
479,test_480,"#Person2#와 그녀의 친구들은 식사가 완벽했다고 생각합니다. #Person1#은 그들에게 디저트를 추천합니다. #Person2#는 사과 크리프와 초콜릿 무스 케이크를 주문하고, #Person1#에게 차를 요청합니다."
480,test_481,"#Person1#과 #Person2#는 동전 던지기를 통해 누가 아래쪽 침대를 얻을지를 결정한다. #Person2#는 스테레오로 #Person1#의 것을 사용하고 싶어한다. 그들은 또한 책상을 선택하고, #Person2#는 먹을 것이 필요하기 때문에 #Person1#에게 짐을 풀어달라고 요청한다."
481,test_482,머레이 씨는 #Person2#에게 도서관 카드를 발급받아야 합니다. #Person2#는 그에게 신청서를 작성하도록 하고 몇 가지 정보를 묻습니다.
482,test_483,"#Person2#는 #Person1#에게 #Person2#의 근무일에 대해 이야기한다. #Person2#는 보너스를 받지만 초과근무 수당은 없다. #Person2#와 #Person1# 모두 칸막이 사무실에서 일하는데, #Person1#는 그것이 좋지 않다고 생각하는 반면 #Person2#는 그렇지 않다."
483,test_484,닉은 열아홉 살인데 한 번도 옷을 빨래해 본 적이 없습니다. 그 이유는 그의 엄마가 항상 그의 옷을 빨래해주었기 때문입니다. 닉은 대만 출신이며 대만에서는 아이들이 열심히 공부해야 하므로 엄마가 아이들의 일상적인 일을 모두 처리합니다. 앨리는 닉에게 기계를 어떻게 사용하는지 가르칠 것입니다.
484,test_485,#Person1#과 #Person2# 모두 바쁘게 지내고 있다.
485,test_486,케이티의 평가서에서 #Person1#은 그녀가 늦게 오는 것과 고객이 있을 때까지 일을 안 한다는 것을 지적한다.
486,test_487,#Person1#과 #Person2#는 할아버지의 생신을 위해 어떤 파티를 열어야 할지 그리고 무엇을 준비해야 할지를 논의한다.
487,test_488,지안과 지나는 회의에서 만났습니다. 지안은 자신의 이름과 나라를 소개하고 지나에게 자신의 친구를 소개합니다.
488,test_489,캐시는 시골이 너무 시끄럽다고 생각하지만 #Person2#는 이것이 17년에 한 번씩 나타나는 새들의 울음소리라고 설명한다. 캐시는 그것들을 싫어하고 #Person2#는 동부에만 있을 수도 있다고 생각한다.
489,test_490,"#Person1#은 #Person2#에게 칠면조 샌드위치, 채소가 들어간 소고기 스프, 그리고 다이어트 콜라를 주문하는 데 도움을 줍니다."
490,test_491,"제임스는 #Person1#에게 자신이 가장 좋아하는 검은색 재킷을 찾고 있으며, 휴대폰으로 사진을 찍으므로 쿠키를 가져가는 것에 동의했다고 말한다."
491,test_492,"테드는 #Person1#에게 휴가 계획에 대해 이야기한다. 테드는 여자친구의 부모님과 함께 있고 싶지 않고, #Person1#은 중국에 가려고 한다."
492,test_493,"#Person1#과 #Person2#는 영화관에서 '노인을 위한 나라는 없다'를 볼 예정이며, 영화 후에는 맥도날드에 갈 예정이다."
493,test_494,#Person2#는 #Person1#에게 도난 사건을 알리고 있다.
494,test_495,잭이 찰리를 초대해서 그의 새로운 게임을 같이 하자고 제안한다. 이 게임에서는 각자의 캐릭터를 만들 수 있다.
495,test_496,#Person2#는 #Person1#에게 자신이 컨트리 음악에 관심을 가지게 된 방법과 어떻게 라디오 방송국에서 일하게 된지 이야기한다.
496,test_497,"앨리스는 #Person1#에게 세탁기는 기계라고 말하고, #Person1#의 비누가 너무 많다고 말한다. #Person1#은 자신이 옷을 빨아본 적이 없다고 말하고, #Person1#의 엄마가 항상 그렇게 해왔다고 말한다."
497,test_498,"스티브는 집을 찾아내려고 하고 있으며, #Person2#는 그에게 자신의 이웃에게 물어보라고 제안한다. 스蒂브는 감사하며, #Person2#는 그에게 전화번호를 요청한다."
498,test_499,프랭크는 베티에게 자신이 승진했다고 알리며 그녀를 파티에 초대한다. 베티는 그것이 매우 흥분되는 일이라고 생각하며 참석할 것이다.
