fname,summary
test_0,"#Person1# 은 Ms. Dawson에게 받아쓰기를 요청하고, 사내 메모를 작성하고 배포할 것을 요청합니다. #Person2# 는 즉시 메시지 사용 제한 정책이 사무실 내 직원 간 통신과 외부 통신에 적용된다고 설명합니다. 또한, 이 정책에 대해 부서장에게 문의하라고 안내합니다."
test_1,#Person1# 과 Carrefour 교차로 근처에서 교통체증을 겪었습니다. #Person2# 는 대중교통을 이용하는 것이 더 나은 선택이라고 생각합니다. #Person1# 은 출근할 때 차를 타지 않기로 했습니다.
test_2,"#Person1# 은 Kate에게 Masha와 Hero가 이혼했다고 전합니다. 그들은 아이들이 양육권을 가지게 되었고, 모든 것이 조용하고 원만하게 진행되었다고 합니다."
test_3,"#Person1# 은 Brian에게 생일 선물로 목걸이를 주고, 파티에서 함께 춤을 추자고 제안합니다."
test_4,#Person1# 과 #Person2# 는 올림픽 공원의 중심인 올림픽 스타디움의 위치와 시설에 대해 이야기합니다.
test_5,#Person1# 은 #Person2# 에게 사업 계획서를 작성하고 투자자를 모으는 것이 중요하다고 설명합니다. #Person1# 는 사업 계획을 설명하고 회사의 법적 구조나 역사 같은 정보를 제공해야 한다고 말합니다. 또한 #Person3# 는 금융 분석가로서 사업 시작의 번거로움을 피하는 것을 권장합니다.
test_6,#Person2# 는 수두에 걸렸습니다. #Person1# 은 #Person2# 에게 가까이 오지 말라고 경고합니다.
test_7,"#Person2# 는 #Person1# 에게 세탁 서비스 요금에 30달러가 추가되었다고 설명하고, 관련 부서에 확인해보겠다고 합니다."
test_8,"스티븐은 아내가 비서와 바람피운 것을 알아버렸지만, 여전히 아내를 사랑한다고 #Person1# 에게 설명합니다. #Person2# 는 처음에는 이혼을 다시 생각해보기로 결심합니다."
test_9,"#Person2# 는 #Person1# 에게 유명한 사람들에 대해 이야기하며, 아브라함 링컨을 존경한다고 말합니다."
test_10,#Person2# 는 #Person1# 에게 중국 북부의 심한 황사와 모래가 호흡기 감염을 유발한다고 설명합니다. 또한 황사가 사람들에게 골칫거리라고 합니다.
test_11,"#Person1# 은 Francis의 생일 파티에 #Person2# 의 차를 초대하고, 원격 조종 자동차 모델에 대해 설명합니다. #Person1# 는 그 차를 매우 좋아합니다."
test_12,Steven은 Tony에게 부정행위를 한 것이 부끄러워 불합격했다고 말한다. Tany는 열심히 공부하라고 조언한다.
test_13,#Person1# 은 #Person2# 에게 9시 30분 기차를 타기 위해 서둘러야 한다고 말합니다.
test_14,#Person1# 은 #Person2# 에게 자신의 삶을 어떻게 조정해야 할지 조언을 구합니다. #Person3# 는 #Person1# 이 미래에 큰 기여를 할 것이라고 믿고 있습니다.
test_15,"#Person1# 은 #Person2# 에게 Ruojia의 파티에 참석할 것을 제안하고, #Person3# 는 그녀의 이메일을 확인한다."
test_16,"#Person1# 은 #Person2# 에게 스트립을 잡아당기고, 뒷면을 떼어내면 친구가 된다고 제안합니다. 그러나 두 사람 모두 사진이 잔인하다고 느낍니다."
test_17,#Person1# 은 #Person2# 에게 마이크의 여동생과 그의 가족에 대해 이야기합니다.
test_18,"#Person2# 가 #Person1# 에게 증상을 설명하고, 결석할 경우 부모님에게 연락하라고 안내합니다."
test_19,"#Person2# 는 새 휴대폰을 사고 싶어 하고, #Person1# 은 카메라와 MP3 플레이어가 있는 모델을 추천합니다."
test_20,"주디는와 프랭크에게 새 직장에 대해 이야기합니다. 주디가 우체국에서 일하게 된 이유를 설명하고, 건강보험 혜택이 직원들에게 가장 큰 혜택이라고 말합니다."
test_21,"#Person2# 는 #Person1# 에게 컴퓨터 프로그램을 작성할 수 있고, 비서 업무를 잘 수행하며, IBM-PC에 대한 경험이 있으며, 루카스 비서 학원에서 1년간 공부하여 영문 속기 1분에 120단어의 속도를 달성했다고 설명합니다."
test_22,"#Person1# 은 미디엄 레어 스테이크를 주문했으나, #Person2# 가 너무 익고 질긴 것 같다고 하자 #Person1# 이 다른 메뉴를 가져다 주기로 했습니다."
test_23,"#Person1# 은 #Person2# 에게 Tom의 소설이 노벨상을 받았다는 소식을 전하고, 축하 파티를 열 것이라고 말합니다."
test_24,#Person2# 는 #Person1# 에게 자신이 학생 엔지니어로서 자동차 디자인의 기계적 강도와 부식 저항성에 관한 연구를 수행했다고 설명합니다.
test_25,"#Person2# 는 일주일에 두세 번 술을 마십니다. #Person1# 은 맥주 두 잔, 칵테일 세 잔을 마시며, #Person2# 도 이에 동의합니다. 그들은 내일 밤에 피처 프로모션을 하기로 했습니다."
test_26,"#Person1# 은 메이에게 소풍을 준비하는 것을 도와달라고 요청합니다. 메이는 #Person1# 에게 토스트와 치킨 윙, 크래커, 일회용 접시, 컵, 소풍용 담요를 거실로 옮기는 것을 부탁합니다."
test_27,Muriel Douglas와 Susan Kim은 새 계정에 대해 이야기합니다. James는 L.A.에서 화창한 날씨를 경험하고 Tahoe에서 스키를 타러 간 경험을 공유합니다.
test_28,#Person1# 은 #Person2# 에게 유니버설 은행에서 돈을 인출해 달라고 요청합니다. #Person3# 는 카드를 제거하고 우물 정자를 눌러 달라고 부탁합니다.
test_29,#Person2# 는 사람들과 잘 어울릴 수 있는 사교적인 사람입니다. #Person1# 은 #Person2# 에게 대화에서 가장 중요한 것은 진심을 전하는 것이라고 말합니다.
test_30,"Mr. Polly는 상사에게 음료수를 사달라고 요청하지만, 상사는 거절합니다."
test_31,"모니카는 프랜시스에게 재무 보고서를 작업할 수 있는 금요일 오후 시간을 요청하고, 프란시스는 이를 수락합니다."
test_32,#Person2# 는 #Person1# 에게 인터뷰 수업에서 배운 정직함과 친절함의 중요성에 대해 설명합니다.
test_33,"컷은 Mike에게 Jason과 Laura의 반응에 문제가 있다고 말하고, 대사를 할 때 적절하지 않다고 느끼면 다른 방법을 시도해보라고 제안합니다."
test_34,#Person1# 은 Mrs. Todd에게 아내가 쇼핑을 가자고 해서 방문했다고 말합니다. #Person2# 는 아내에게 먼저 방문했어야 했다고 생각합니다.
test_35,"빌은 이번 주에 매일 밤 열 시까지 일했기 때문에 집에 가서 쉬기로 했습니다. #Person1# 의 형은 출장으로 미국에 갔고, 빌의 시계는 4시 30분을 가리킵니다."
test_36,"Cleo와 Simon은 핵무기 확산을 막는 데 도움을 주는 시위에 대해 이야기하고 있다. 그들은 각자의 주장에도 일리가 있으며, 평화로운 시위를 위해 물리 시험을 공부할 계획이다."
test_37,#Person1# 은 #Person2# 에게 누군가가 문을 두드리며 가스레인지를 가져올 경우 괜찮다고 생각하게 된다고 말합니다.
test_38,"#Person1# 은 Maggie에게 카페테리아에서 노트를 빌리자고 제안하고, Mark는 수업에 빠질까 봐 걱정하지만 결국 동의합니다. 그들은 오늘 도서관에서 스터디를 하기로 합니다."
test_39,#Person1# 은 Turner 교수님께 지질학 고급 과목에 등록할 수 있을지 문의합니다. Burman 교수님의 수업을 들었기 때문에 가능하다고 답변합니다.
test_40,#Person2# 가 친구에게 줄 펜던트를 깨뜨렸습니다. #Person1# 은 영수증을 가지고 10시까지 #Person2# 의 가게로 와 달라고 요청합니다.
test_41,#Person1# 과 #Person2# 는 박싱 데이 세일에 대해 이야기하고 있습니다. 그들은 서로 좋아하는 고향팀에 대한 이야기를 나눕니다. #Person1# 은 Sals-bury의 바보 같은 게임을 즐깁니다.
test_42,#Person2# 는 미디어 업계에서 일하는 것이 재미있을 것 같다고 생각합니다. #Person1# 은 잡지에 글을 쓰는 것을 제안합니다.
test_43,"#Person1# 과 #Person2# 는 지루한 연설에 대해 이야기하고 있습니다. #Person1# 은 아이팟과 헤드폰으로 음악을 듣고, 퍼즐 같은 게임 섹션도 있다고 말합니다. 그들은 서로에게 조용히 해달라고 요청합니다."
test_44,사라는 #Person1# 에게 회사 근처의 저렴한 집을 사는 것이 비용을 절약할 수 있다고 조언합니다. 또한 집의 위치도 괜찮다고 합니다.
test_45,Mark Leach는 #Person1# 에게 영국 관광청의 관광 사무소에서 정보 담당관으로 일하며 방문객들에게 13개의 언어로 관광 정보를 제공한다고 설명합니다. 그는 런던에서의 당일 여행과 2주간 여행을 원하면 어디를 방문할지를 알려줄 수 있습니다.
test_46,"Lucy는 #Person1# 에게 영어가 가장 좋아하는 과목이며, 수학은 싫어하지만 중국어를 좋아한다고 말합니다. 반면, Nancie는 과학을 좋아하지 않습니다."
test_47,"James와 Mrs. Thomas는 집의 낙엽을 치웠고, 개 Oscar를 산책시켜 주기로 했습니다. 또한 딸 Leah와 아들 Robbie도 토요일에 방문할 예정입니다."
test_48,#Person1# 과 #Person2# 는 아파트의 추운 날씨에 대해 이야기하고 있습니다.
test_49,컷과 Mike는 Jason과 Laura의 반응이 화와 슬픔이 동시에 나오길 원합니다. #Person1# 은 그녀의 대사가 정확하지 않다면 다른 방법을 시도해보라고 제안합니다.
test_50,"#Person1# 은 #Person2# 에게 프렌드쉽 호텔로 가달라고 요청하고, 요금이 미터기에 15위안이라고 안내합니다."
test_51,#Person1# 은 빈털터리가 되어 다른 버스를 타야 합니다. #Person2# 는 #Person1# 에게 잔돈을 빌려달라고 요청합니다.
test_52,#Person2# 가 #Person1# 에게 시내로 가는 길을 안내합니다.
test_53,"#Person2# 는 #Person1# 에게 Lulu가 Vic과 헤어졌고, 이제 전근 신청까지 했다고 말합니다."
test_54,데이브 톰슨은 샐리에게 짐이 아직 돌아오지 않았다고 알린다. 그는 짐에게 연락해 나중에 다시 하겠다고 한다.
test_55,#Person2# 가 #Person1# 에게 시청으로 가는 길을 안내합니다.
test_56,"#Person1# 은 #Person2# 에게 여권을 잃어버린 이유를 묻고, 신발 코너에서 여권이 발견되지 않았다고 설명합니다. 이후 #Person1# 이 분실물 보고서를 작성해 대사관에 연락하라고 조언합니다."
test_57,Leah는 Ms. Collins가 다음 주까지 돌아오지 못할 것 같아 전화를 걸었습니다. Nathaniel은 Mr. Liu에게 오늘 오후에 약속을 잡으라고 요청했습니다.
test_58,#Person1# 은 #Person2# 에게 Dick과 Sarah가 결혼하지 않겠다고 말했을 때 놀랐다고 이야기합니다.
test_59,#Person1# 과 #Person2# 는 파티에서 금발 여자와 사랑에 빠졌습니다. #Person1# 은 그녀에게 말 걸 때마다 긴장되고 바보처럼 보인다고 느낍니다. 그들은 한 잔 더 마시기로 합니다.
test_60,"Jack은 정치학 수업을 좋아하지만, 비즈니스 커뮤니케이션 수업을 아직 듣지 못했다. #Person1# 은 그가 가장 좋아하는 수업이라고 생각한다."
test_61,"#Person1# 과 #Person2# 는 어젯밤의 비에 대해 이야기하며, 베이징의 가을은 아름답지만 겨울에는 너무 춥다고 느낍니다. 봄은 따뜻하고 겨울은 더운 날입니다."
test_62,"#Person1# 은 #Person2# 에게 공포 영화 대신 로맨틱 코미디 영화를 보자고 제안하지만, #Person3# 은 그 의견에 동의하지 않습니다."
test_63,Adam은 #Person1# 에게 학교에서 가장 높은 건물과 학교 남쪽에 있는 건물에 대해 설명한다.
test_64,"#Person1# 이 #Person2# 에게 임신 사실을 알리고, 곧 아기가 생길 것이라고 말합니다."
test_65,#Person1# 과 #Person2# 는 John이 일주일에 일곱 번 그녀와 데이트를 하는 것에 대해 이야기합니다.
test_66,"#Person2# 는 #Person1# 에게 소프트웨어에 그림 그리기 프로그램을 추가하고, 하드웨어를 업그레이드하며, CD-ROM 드라이브를 추가하라고 제안합니다."
test_67,#Person2# 는 #Person1# 에게 중국에서 왔다고 말합니다. #Person2# 의 나이는 26살이고 콜롬비아 혈통도 있습니다.
test_68,#Person1# 은 #Person2# 에게 체중 증가와 다이어트에 대한 고민을 털어놓습니다. 그들은 운동 수업에 가기로 결정합니다.
test_69,James는 식당 홀의 창가 자리를 예약하고 #Person1# 에게 안내받습니다.
test_70,"#Person2# 는 #Person1# 에게 공장이 75,000 평방미터의 면적과 500명의 직원으로 이루어져 있으며, 원재료부터 완제품까지 담당한다고 설명합니다."
test_71,Rebecca는 York Herald라는 지역 신문에서 인턴십을 시작했습니다. 주니어 로컬 뉴스 리포터로 2년 동안 머물렀습니다. 2006년에 남편과 함께 런던으로 이사하면서 전국 신문사에서 자리를 찾았습니다.
test_72,"#Person1# 과 #Person2# 는 조별 발표를 위해 쇼핑 리스트를 작성하고 있습니다. #Person1# 은 마커, 색연필, 가위 한 쌍, 형광펜, 종이클립을 사러 문구점에 가야 합니다. 그들은 안경을 장만할 계획입니다."
test_73,#Person1# 은 Mary에게 온라인으로 취직 지원하는 방법을 묻습니다. Mr. Smith는 인터넷으로 구직하는 것이 안전하다고 조언합니다.
test_74,"#Person2# 는 #Person1# 에게 쇼핑 예산을 짜고 있으며, 한 달에 300달러만 사용할 수 있다고 설명합니다. #Person2# 의 예산은 고지서를 내야 합니다."
test_75,"Jane은 병원에 가기 위해 7번 버스를 타야 하지만, Henry는 13번 버스도 괜찮다고 한다."
test_76,#Person1# 은 #Person2# 에게 내년 판매 예측에 대해 이야기하기 위해 전화를 걸었습니다. 그들은 다음 주 화요일 오후 2시 30분에 만나기로 했습니다.
test_77,#Person1# 은 뉴욕에 처음 방문할 때 관광 안내원에 대한 조언을 #Person2# 에게 구하고 있습니다.
test_78,"#Person1# 은 Mr. Jackson과 면접을 진행합니다. #Person2# 는 영업부에서 일하고 싶어하며, 월 2,000 위안을 받고 수당과 보너스를 더해 한 달에 약 3,000위안을 받는다고 설명합니다. 또한, 급여와 복리후생에 대해 묻습니다."
test_79,"#Person1# 은 계약서에 서명하기 위해 왔습니다. #Person2# 는 계약서가 내일까지 준비될 것이라고 말하고, #Person1# 이 합의 내용을 수정할 수 있는지 검토해 달라고 요청합니다."
test_80,#Person1# 은 ABC 렌터카에서 차를 렌트하고 나이아가라 폭포로 가는 중 국경 근처에서 친구가 사고를 당했습니다. #Person2# 는 구급차와 경찰을 부르기로 했습니다.
test_81,#Person2# 가 #Person1# 에게 학교 보건실로 가는 길을 안내합니다.
test_82,#Person1# 은 #Person2# 의 짐 엘리베이터 소리가 너무 시끄러워서 방을 바꾸고 싶다고 말합니다. 하지만 오늘은 빈 방이 없어 내일 저녁에 고르기로 합니다.
test_83,"#Person1# 은 #Person2# 에게 베이징 호텔로 가는 비행기에 대해 물어보고, Mr. Wu를 위한 연회에 초대하고 관광을 준비하겠다고 약속합니다."
test_84,#Person1# 은 중국 골동품 가게에 가려고 했으나 방향 감각이 좋지 않습니다. #Person2# 는 유이창으로 가는 길을 안내합니다.
test_85,#Person2# 는 컴퓨터에 문제가 있어 Mr. Li에게 도움을 요청합니다. #Person1# 은 수리공에게 전화해보라고 제안합니다.
test_86,"#Person2# 는 어머니 생신 선물로 금색 목걸이를 고려하고 있습니다. #Person1# 은 시계가 너무 화려하다고 생각하지만, #Person2# 의 추천에 따라 시계를 구매합니다."
test_87,"Ms. Ross는 Mr. Fisher에게 전화하여 뉴질랜드에 지점을 열 계획임을 알리고, 아들과 함께 참석할 수 있도록 초대장을 전달합니다. 발표 전에 음료와 스낵 뷔페도 준비해야 합니다."
test_88,"#Person2# 는 #Person1# 에게 캐나다와 캐나다의 차이점에 대해 설명합니다. 캐나다에서는 모든 것이 빠르게 진행되며, 공공 서비스는 느리지만 여유롭다고 생각합니다. 반면, #Person3# 는 캐나다 사람들이 일반적으로 러시아 사람들보다 더 차분하다고 봅니다."
test_89,#Person1# 과 #Person2# 는 올해 카리브해로 여행을 계획하고 있습니다. #Person1# 은 자메이카와 케이맨 제도의 날씨가 2주 전에 폭풍을 만났기 때문입니다.
test_90,#Person1# 은 소풍에 가져갈 과일을 찾고 있습니다. #Person2# 는 오렌지와 바나나를 가져가자고 제안합니다.
test_91,"#Person2# 는 #Person1# 에게 경제형 차량 렌트 비용을 설명하고, 운전면허증을 제시합니다."
test_92,#Person1# 은 #Person2# 에게 무표정한 사람들 때문에 피곤하다고 말합니다.
test_93,#Person1# 과 #Person2# 는 작년 판매 실적에 대해 이야기하고 있습니다. #Person1# 은 Wallace의 기여와 새로운 광고 캠페인 덕분이라고 생각합니다.
test_94,"#Person2# 가 가방을 도난당했고, #Person1# 은 #Person2# 에게 돈을 빌려달라고 요청합니다. #Person3# 는 버스에서 엄마를 데려다주겠다고 합니다."
test_95,"Steven과 Lin은 베이징 식사에 대해 이야기하며, 중국에서는 팁을 허용하지 않는다고 설명합니다. 택시 기사나 포터는 보통 미터기에 나온 금액만 지불합니다."
test_96,빌은 룸메이트와 헤어졌다. #Person1# 은 Brain Locker를 알고 있다.
test_97,#Person1# 은 Tom Wilson이 호텔에서 식사 요금을 신용카드로 결제할 수 있도록 도와줍니다.
test_98,"캐롤이 샤워 중이라 #Person1# 에게 중요한 전화인지 물어보려 하지만, #Person2# 가 전화를 받을 수 없다고 합니다. 대신 #Person3# 는 캐 롤에게 내일 밤 8시 반에 질의 집에서 디저트를 가져오라고 전해달라고 요청합니다."
test_99,#Person2# 가 #Person1# 에게 Common Fitness Gym에서 일한 적이 있다고 말합니다. #Person2# 는 모퉁이에 있는 Whole Bean Cafe로 가보라고 제안합니다.
test_100,"#Person1# 과 #Person2# 는 트럼프에 대해 이야기하고 있습니다. #Person1# 은 그가 미국을 다시 위대하게 만들 것이라고 믿지만, #Person3# 는 그가 적임자가 아니라고 생각합니다."
test_101,#Person1# 은 #Person2# 에게 ATM을 사용하는 방법을 안내합니다.
test_102,수잔 밀러는 사무실 절차에 관한 메모를 비서에게 전달하기 위해 John에게 전화를 걸었다.
test_103,#Person1# 이 Lily에게 주말 소풍을 제안하고 편한 옷과 신발을 준비하겠다고 합니다.
test_104,#Person2# 는 #Person1# 에게 중국 연회에 초대받았을 때 젓가락을 사용해야 한다고 설명합니다. #Person2# 은 테이블 예절을 상기시킵니다.
test_105,"Mary와 Frank는 서로 좋아하는 영화 장르에 대해 이야기합니다. 그들은 보통 Movie Salon에서 영화를 빌리며, 거의 모든 신작을 찾을 수 있습니다."
test_106,"#Person2# 는 정치 정당에 가입하지 않았습니다. #Person1# 은 #Person2# 가 환경 문제에 관심이 많다고 생각하지만, 그린피스라는 압력 단체의 회원이라 많은 시간을 할애할 수 없었다고 설명합니다. 또한, 작은 정치 단체나 압력이 단체도 영향을 미칠 수 있으며, 미디어가 정치 사건을 자주 보도한다고 언급합니다."
test_107,Wilson 씨는 #Person1# 에게 상품의 포장을 개선하고 기준에 미치지 못하는 상품을 교환을 하겠다고 약속합니다.
test_108,"#Person2# 는 #Person1# 에게 강도 사건을 목격했다고 말하고, 경찰서에 와달라고 요청합니다."
test_109,#Person1# 은 저녁을 각자 해결해야 해서 #Person2# 에게 피자를 주문해 달라고 요청합니다.
test_110,#Person2# 는 새해 결심으로 다이어트를 하기로 했습니다. #Person1# 은 #Person2# 가 식습관을 완전히 바꾼다고 생각합니다.
test_111,"Karen Huang은 Comp Lit 287 수업에 등록하려 했으나, 컴퓨터가 승인하지 않아 터치톤 등록 시스템을 통해 등록해야 합니다. #Person1# 은 그가 비교문학 전공 학생임을 알게 되고, 전화 등록 시 코드 번호 제공과 사용법 안내를 제공합니다."
test_112,#Person1# 은 우산을 잃어버려 #Person2# 와 함께 가든 호텔로 향합니다.
test_113,"Daisy가 Jack을 새로운 차에 태워주겠다고 제안하고, Jank은 이를 수락한다."
test_114,#Person2# 는 #Person1# 에게 큰불이 밤에 발생했다고 설명합니다.
test_115,#Person2# 가 남편이 현금 900위안에 신용카드로 계산하는 것을 도와줍니다. #Person1# 은 #Person2# 의 도움을 받아 계산대를 안내합니다.
test_116,"#Person2# 는 #Person1# 에게 차량 외부를 위아래로 세차하고, 창문을 닦으며, 진공청소기로 먼지를 제거한다고 설명합니다."
test_117,"#Person1# 은 해리에게 해외 휴가에 대해 묻습니다. 해리는 배로 갈지, 비행기로 갈지 결정하지 못했다고 답합니다."
test_118,"Johnson은 #Person1# 에게 기계를 어떻게 사용하는지 설명하고, 멤버십 카드의 작동 방식을 안내합니다. 또한, 기계에 적합한 무게가 무엇인지를 알려주며 시작 무게를 정해줍니다."
test_119,#Person2# 는 회사가 문을 닫아서 실직 중이다. #Person1# 은 #Person2# 에게 전기 기술자 프로그램에 대해 이야기한다.
test_120,"#Person1# 은 강아지들에게 밥을 주고, 목욕시켜주기로 했습니다. #Person2# 는 수의사 예약을 상기시킵니다."
test_121,#Person1# 은 집주인 아주머니께 200달러 빚이 있습니다. #Person2# 는 월요일에 월급이 들어오기 전까지 돈을 빌려주기로 했습니다. #Person1# 도 이에 동의합니다.
test_122,"#Person2# 는 자선 단체에서 일한 경험을 #Person1# 에게 이야기하며, 그 경험이 #Person2# 의 사고방식에 영향을 미쳤다고 생각합니다."
test_123,#Person2# 가 #Person1# 에게 연락처를 제공합니다.
test_124,#Person1# 은 #Person2# 에게 모우탄과 베이징 오리 구이를 추천합니다.
test_125,"Angela와 Dan은 다음 주에 결혼식을 올릴 예정이며, Megan을 데리러 갈 계획이다."
test_126,"#Person1# 과 전통 그리스 요거트를 먹어보고 싶어 하고, #Person2# 는 이탈리아 티라미수와 튀긴 바나나를 사다주기로 합니다."
test_127,Smith 씨는 #Person1# 에게 예일 대학교와 은행에서의 경력에 대해 설명합니다.
test_128,#Person1# 은 조카에게 줄 예쁜 선물로 $29.95의 디지털 바비를 구매합니다.
test_129,#Person1# 은 #Person2# 가 조던 운동화를 41 사이즈로 구매할 수 있도록 도와줍니다.
test_130,#Person1# 은 과학박물관에 가기 위해 길을 잃었습니다. #Person2# 는 #Person1# 에게 4번 플랫폼에서 기차를 타고 State Street 역에서 내리라고 안내합니다.
test_131,"사이먼은 은퇴 후 가족과 더 많은 시간을 보내고 여행도 했습니다. #Person1# 은 '단계적 은퇴'라고 불리는 제도에 대해 설명하고, 회사 웹사이트에 구인 정보를 게시하는 방법에 대해 이야기합니다."
test_132,"Rocky는 #Person1# 에게 파티에 가보라고 제안하지만, #Person2# 는 외향적이고 다정하고 아이들 돌보는 여자를 선호한다고 말한다. 그녀는 남편이 집안일을 공평하게 분배하지 않는다고 생각하며, 자기중심적인 사람은 싫어한다. #Person3# 는 Rusty에게 안부를 전해달라고 요청한다."
test_133,"#Person1# 과 #Person2# 는 어젯밤 폭풍으로 창문 몇 개가 부서졌고, 큰 나무는 부러졌지만 따뜻한 봄날씨가 필요하다고 생각합니다."
test_134,"#Person1# 은 #Person2# 에게 TV를 자주 보는 것이 지루하다고 말하며, 나가서 노는 것이 더 좋다고 생각합니다. 그들은 함께 할 수 있는 활동을 논의하기로 합니다."
test_135,"Ben은 새 학교 생활에 적응하기 위해 내일 수업을 준비 중이다. #Person1# 은 숙제 시간 10분, 아침 자습 시간 20분, 쉬는 시간에 먹을 것을 살 수 있다고 제안한다."
test_136,Adam은 무릎 상태가 나아졌다. #Person1# 은 미시간과의 경기를 예상할 수 있는 새로운 정보를 제공한다.
test_137,#Person1# 이 #Person2# 에게 프린터 고장을 해결해 달라고 요청합니다.
test_138,#Person1# 이 #Person2# 에게 커튼을 설치하는 것을 도와달라고 요청합니다.
test_139,Jack은 #Person1# 에게 주말 캠핑 계획에 대해 설명한다.
test_140,"#Person1# 은 #Person2# 가 임신한 것을 알게 된 것에 대해 기뻐합니다. #Person3# 는 출산 예정일이 2009년 10월 27일이며, 2009년 2월 3일에 아기가 임신된 것이라고 설명합니다."
test_141,#Person2# 는 딸이 대학 결정을 못 하고 있어서 걱정하고 있습니다. #Person1# 은 #Person2# 에게 딸에게 몇 가지 조언을 해달라고 요청합니다.
test_142,#Person2# 는 #Person1# 에게 투자 상담사로 일하면서 실수로 인해 손실을 입을 수 있다고 설명합니다. #Person2# 은 아파트 계약이 다음 달 만료되어 다른 일자리를 찾을 때까지 함께 살자고 제안합니다.
test_143,"#Person2# 는 #Person1# 에게 친구의 실험실에서 강연을 하게 된 이유를 설명하고, 그 친구가 에딘버러 대학의 박사과정 학생이며, 비디오 요약 생성과 담화 모델링에 대해 강연할 것이라고 말합니다."
test_144,"#Person1# 은 John의 집에 가고 싶어 하지만, #Person2# 는 감기에 걸려 집에서 쉬라고 조언합니다."
test_145,파버 Mr. Faber가 요크 호텔에 3박 동안 더블 룸을 예약하기 위해 전화합니다.
test_146,"#Person2# 는 #Person1# 에게 웨스트 더비, 플랫, 그리고 남쪽 더비에 있는 친구에게 연락할 것을 제안합니다. 그들은 친구의 전화번호를 교환하기 위해 토요일에 만나기로 합니다."
test_147,#Person1# 과 #Person2# 는 돈 문제로 다투고 있습니다. #Person1# 은 그들이 너무 늦었기 때문이라고 생각합니다.
test_148,"Dan은 9월 10일에 100대 컴퓨터 주문 건에 대해 전화했지만, 공장에 인력이 부족하여 2일 지연되었습니다. #Person1# 은 Darlene에게 Steve의 전화번호를 요청합니다."
test_149,#Person1# 은 #Person2# 에게 워싱턴 포스트 신문의 사본을 보여주며 1877년 12월에 Henry Raymond와 George Jones가 창간했다고 설명합니다.
test_150,#Person2# 의 컴퓨터가 이메일 용량을 초과하여 바이러스를 일으켰습니다. #Person1# 은 #Person2# 에게 첨부 파일을 압축해서 보내라고 제안합니다.
test_151,#Person2# 는 #Person1# 을 주말에 창사로 초대해 즐거운 시간을 보냈다고 말합니다.
test_152,"#Person1# 과 중국 음식을 먹고 싶어 하고, #Person2# 는 Panda Express에서 사 먹자고 제안합니다."
test_153,"Hans 가구 매장의 메리가 #Person1# 에게 영업직을 제안했지만, 다른 후보자가 더 많은 경험이 있어 거절했다고 설명합니다."
test_154,#Person2# 가 #Person1# 에게 열 번째 전화를 걸었습니다. #Person2# 는 경찰에 신고할 것입니다.
test_155,"#Person2# 는 어릴 때부터 클래식 음악을 좋아했습니다. #Person1# 은 #Person2# 의 경력에 만족하며, 클래식 음악이 사람의 감정과 성격에 미치는 영향에 대해 설명합니다. 또한, 학생들이 스트레스를 받을 수 있는 저녁에 클래식 노래를 듣고, 인터넷에서 많은 녹음을 찾을 수 있다고 조언합니다."
test_156,#Person1# 과 #Person2# 는 같은 건물에 사는 미국 남자 두 명과 헤어져서 저녁에 초대할지 고민하고 있습니다. #Person1# 은 곧 그녀에게 연락하여 오늘 저녁 시간 있는지 물어볼 계획입니다.
test_157,"#Person1# 은 #Person2# 에게 Mirella가 서부 해안 스타일의 영향을 많이 받았다고 설명합니다. 그들은 모두 하얀 셔츠에 짙은 색 양복과 넥타이를 매고 있으며, 그녀의 새로운 캐주얼한 스타일이 수용 가능하지 않다는 것을 알립니다."
test_158,#Person2# 는 #Person1# 에게 법률 사무소를 차리고 싶다고 말합니다. #Person3# 은 #Person2# 의 성공을 기원합니다.
test_159,Peter는 Kate에게 어젯밤에 온라인에서 게임을 했다고 말합니다.
test_160,"#Person1# 과 #Person2# 는 배와 보트가 기차, 비행기, 자동차에게 자리를 내주고 있는 상황에 대해 이야기합니다."
test_161,"Andy와 Fanny는 어젯밤 악몽을 꿨고, 유령들이 무덤에서 튀어나오는 것을 목격했습니다. 이후 엄마가 그를 깨워 초콜릿 쿠키와 우유 한 잔을 제공했습니다."
test_162,"#Person1# 과 Ernie는 밴드를 결성할 계획이다. #Person1# 은 Vanilla Ice의 노래를 추천하고, #Person2# 는 iTunes에서 그의 노래를 듣자고 제안한다."
test_163,"#Person2# 는 #Person1# 에게 오늘 밤 강변 저녁 유람선 투어를 제안하고, Sanger Theater에서 멋진 쇼를 관람할 수 있다고 말합니다."
test_164,#Person1# 은 #Person2# 의 사이즈에 맞는 상품을 구매하고 신용카드로 결제합니다.
test_165,Blake씨가 Foster에게 교육 매뉴얼을 내일 오후에 그의 사무실에 전달할 예정입니다.
test_166,#Person2# 는 #Person1# 에게 휴가지에 대해 설명합니다. 롱아일랜드를 출발하여 솔트레이크시티까지 가는 동안 현지 음식을 즐기고 파이브 레이크 스트릿과 월 스트리트를 방문할 예정입니다.
test_167,"#Person1# 은 #Person2# 에게 파멜라를 돌봐 달라고 부탁합니다. #Person3# 는 회사가 망했을 때, 거짓 친구들을 떠나 보내준 유일한 친구이기 때문입니다."
test_168,#Person2# 는 #Person1# 에게 77번 도로에서 걸어서 갈 수 있는 번화한 거리를 안내합니다.
test_169,"#Person2# 는 #Person1# 에게 메카로 성지순례 가는 무슬림들의 순례에 대해 이야기합니다. 그들은 많은 사람들이 하즈를 간다고 생각하며, 특히 프랑스에서는 많은 기독교 순례가 이루어집니다."
test_170,#Person2# 가 중앙 백화점까지 가는 길을 #Person1# 에게 안내합니다.
test_171,#Person1# 이 #Person2# 에게 런던에 함께 가자고 제안합니다. #Person1# 은 기차보다 자동차를 타는 것이 더 좋다고 생각합니다. 그들은 또한 고속버스를 타볼 계획입니다.
test_172,"톰은 샌드위치와 치킨을 받았지만, 케서린은 만족하지 않았다. #Person1# 은 패스트푸드가 건강에 좋지 않다고 생각한다."
test_173,"#Person2# 가 레모네이드와 바비큐 윙을 주문하고, #Person1# 은 베이비 백 립을 추가로 주문합니다."
test_174,"#Person1# 은 #Person2# 가 더블 치즈버거와 감자튀김, 컬리프라이, 중간 사이즈 펩시를 주문하도록 돕습니다."
test_175,#Person1# 과 #Person2# 는 아침을 준비하며 반숙 계란과 프라이드 에그에 대해 이야기합니다.
test_176,#Person2# 가 #Person1# 을 그랜드 호텔로 데려다 줍니다.
test_177,#Person1# 은 #Person2# 에게 미국 경찰이 어떻게 생겼는지 보여주고 싶어 사진 촬영을 요청합니다.
test_178,#Person2# 는 #Person1# 에게 근처에 선셋 호텔이 있다고 안내합니다.
test_179,#Person2# 는 미국 비자를 신청하기 위해 2주 전에 신청서를 제출했습니다. #Person1# 은 많은 사람들이 서류를 올바르게 작성하지 않거나 필수서류를 빠뜨려 거절된다고 생각합니다.
test_180,"Anne은 #Person1# 에게 피곤해서 일찍 자야 한다고 말합니다. 그들은 지난번에 즐거운 시간을 보냈지만, 지금은 시간이 없습니다."
test_181,"#Person1# 은 Mary에게 인터넷 쇼핑에 대해 묻고, 온라인 쇼핑이 편리하고 시간도 절약된다고 설명합니다. 또한, #Person1# 과 함께 전 세계의 모든 물건을 온라인으로 확인해보자고 제안합니다."
test_182,#Person2# 는 미국식 회계에 익숙하지 않습니다. #Person1# 은 회계 프로세스에서 가장 기본적인 개념들을 설명합니다.
test_183,"#Person1# 은 피터에게 여름에 시안에 가자고 제안하고, 피터는 동의한다. 제인은 피터가 돈이 많다면 신장이나 티베트로 가고 싶다고 말한다."
test_184,#Person2# 는 딸을 위해 영화를 빌리고 싶어 합니다. #Person1# 은 #Person2# 에게 회원 양식을 작성하고 영화 대여비를 지불하라고 안내합니다. 이후 두 사람은 영화를 보러 목요일 밤 10시까지 반납해야 합니다.
test_185,#Person1# 은 Mr. Lee의 소포를 #Person2# 의 책상 위에 두었습니다.
test_186,#Person2# 는 #Person1# 에게 공항 호텔에 두 사람이 함께 방을 사용해야 한다고 안내합니다.
test_187,#Person1# 과 #Person2# 는 식당에서 대접을 하기로 결정합니다.
test_188,"#Person2# 는 성적에 대한 스트레스로 불면증을 겪고 있다. #Person1# 은 요가 수업을 듣거나 이완 테크닉을 배우라고 제안하며, 스트레스를 해소하기 위해 음악을 들으라고 조언한다."
test_189,#Person1# 은 #Person2# 에게 주방을 현대식으로 바꾸고 싶다고 말합니다.
test_190,Walter와 Sterling은 새 선생님에 대해 이야기한다.
test_191,#Person1# 은 상담할 수 있는 시간을 예약하고 싶어합니다. #Person2# 는 검사 결과를 오늘 오후에 확인하자고 제안합니다.
test_192,"Eliza 선생님은 Martin에게 주말에 용돈을 벌기 위해 일하고 있다고 말하고, Matin은 학생 복지회의 도움에 대해 감사의 뜻을 전합니다."
test_193,#Person1# 은 #Person2# 에게 소포를 1등급보다 10일 더 저렴한 우편으로 보내달라고 요청합니다.
test_194,#Person1# 과 #Person2# 는 결혼식에 핸드폰을 사용할 계획이다. #Person1# 은 여동생이 놔두고 왔다고 여동생에게 전할 것이다.
test_195,#Person1# 은 #Person2# 에게 로스앤젤레스의 아름다움을 소개하고 관광 계획을 설명합니다.
test_196,"#Person1# 은 여름 방학 동안 사업 수업을 듣고, 삼촌 회사에서 아르바이트를 하며 경험을 쌓을 계획입니다. #Person2# 는 졸업 후 여행할 멋진 장소를 생각합니다."
test_197,#Person1# 은 #Person2# 에게 12번 집의 정원 문이 잠겨 있어 우유를 배달하기 위해 울타리를 넘으려다가 큰 개를 만났다고 이야기합니다.
test_198,"#Person2# 는 #Person1# 에게 회사에서 6년 동안 근무했으며, 이전보다 더 오랜 시간을 일한다고 설명합니다. 관리 훈련 과정을 두 번 했기 때문에 승진할 준비가 되었다고 말합니다."
test_199,"#Person2# 는 사회보장번호와 신분증을 제시하고, #Person1# 은 계좌 개설 절차와 이자를 안내합니다."
test_200,"#Person1# 은 처음으로 중국에 와서 중국 음식을 먹어보고 싶어 한다. #Person2# 는 #Person1# 에게 베이징 요리를 추천하며, 전취덕 식당의 위치를 알려준다."
test_201,"#Person1# 은 양털이 최대한 빨리 도착하기를 원하며, #Person2# 는 3개월 내 배송을 약속했습니다. 그들은 다음 달에 오클랜드를 떠나는 첫 배에 주문을 실어주기로 했습니다."
test_202,#Person1# 이 독서등을 깨뜨려 #Person2# 가 변상하기로 했습니다.
test_203,"#Person1# 은 #Person2# 에게 2006 회계연도 마케팅 계획의 목표, 해외 시장에서의 유통 증가, 최종 판매 수치를 설명합니다."
test_204,"#Person2# 는 #Person1# 에게 유럽 여행 계획에 대해 설명합니다. 파리에서 출발하여 밀라노로 갈 예정이며, 영국에서는 페스티벌에 참석할 계획입니다."
test_205,"Jimmy Fox는 중형차를 예약했으나, 차가 모두 나가서 예약을 할 수 없었습니다. #Person1# 은 작은 차와 포드 포커스를 추천하며 보험을 제공하겠다고 약속합니다."
test_206,#Person1# 은 #Person2# 에게 서재에서 카드게임을 하라고 경고합니다.
test_207,"Mr. Jones는 Ann에게 이번 주 회계사와 회의 시간, 목요일에는 Ms. Von과 대화를 원한다고 말합니다."
test_208,"#Person2# 는 세계 지도를 보고 있으며, #Person1# 에게 세계 대부분의 지역이 물로 덮여 있다는 것을 설명합니다. #Person2# 은 이에 흥미를 보입니다."
test_209,"#Person2# 가 금연 방을 예약했지만, #Person1# 은 담배 냄새가 심하다고 불만을 제기합니다. #Person2# 는 사과하고 금연 방으로 변경하기로 합니다."
test_210,#Person1# 은 Bill에게 젖어 있는 페인트에 손대지 말라고 주의를 줍니다. 그들은 표지판을 세우기 위해 창고로 갔습니다.
test_211,"#Person1# 과 #Person2# 는 즐거운 시간을 보냈고, 다음 주에 다시 만나기로 했습니다."
test_212,Jim이 Bill에게 친구 Dick과 William 박사가 최대한 빨리 일에 복귀할 수 있다고 말합니다.
test_213,"#Person1# 은 #Person2# 에게 야근과 보너스에 대해 불만을 제기합니다. 그들은 고용주가 공정한 임금을 주도록 하는 법이 있다고 생각하지만, 실제로는 그렇지 않습니다."
test_214,"Lisa는 남편이 바람 피우고 있다는 것을 알게 되었고, #Person1# 에게 진실을 말해주거나 그녀와 관계를 끝내지 않으면 이혼할 것이라고 경고했습니다."
test_215,#Person2# 는 #Person1# 에게 의사로부터 빨간 고기를 줄이고 식단을 정리하라는 조언을 받았다고 설명합니다.
test_216,#Person1# 은 #Person2# 에게 남아서 맹세를 지키라고 설득합니다.
test_217,"#Person2# 가 #Person1# 에게 도서관 이용 방법을 안내합니다. #Person2# 는 한 번에 두 권의 책을 대출할 수 있으며, 기한 내에 반납하지 않으면 벌금을 내야 합니다."
test_218,"#Person1# 과 #Person2# 는 날씨에 대해 이야기하고 있습니다. #Person1# 은 날씨가 좋다고 생각하지만, 그늘진 곳이 불편하다고 느낍니다. 그들은 이번 주말에 해변에 가기로 결정합니다."
test_219,"#Person1# 은 #Person2# 에게 사진 촬영이 금지되어 있어 카메라를 잠시 맡기라고 요청하고, 카메라를 돌려받기로 합니다."
test_220,"#Person2# 는 대출 신청에 대한 정보를 얻기 위해 #Person1# 에게 도움을 요청합니다. 은행은 대출 승인을 위해 고객의 개인 정보, 과거 대출, 자산, 신용 점수와 같은 관련 정보를 평가해야 합니다."
test_221,모니카는 #Person1# 에게 자신의 발표가 설득력이 있었고 클라이언트들이 이 프로젝트에 투자하겠다고 확신할 수 있도록 도왔다고 감사의 뜻을 전한다.
test_222,"#Person1# 이 톰에게 뛰러 가자고 하지만, 톰은 아침에 뛰는 것을 좋아합니다. 톰과 #Person1# 은 내일 함께 가기로 했습니다."
test_223,#Person2# 가 #Person1# 에게 일본 레스토랑의 메뉴와 영업 시간을 안내합니다.
test_224,#Person1# 은 Simpson 씨에게 목요일에 점심을 함께 하자고 제안합니다.
test_225,#Person1# 은 #Person2# 에게 데이트 상대와 레스토랑에 갈 예산과 추천을 요청합니다. 그들은 그레이머시 타번의 레스토랑을 선택합니다.
test_226,"#Person2# 가 #Person1# 에게 오리구이, 맥주 두 병, 소고기 한 그릇을 소개합니다."
test_227,"#Person1# 과 #Person2# 는 각자의 나라에서의 스포츠에 대해 이야기하고 있습니다. #Person1# 은 축구를 좋아하고, 일부 사람들은 익스트림 스포츠를 무서워할 것이라고 생각하지만, #Person3# 는 골프를 즐긴다고 말합니다."
test_228,#Person2# 는 헬싱키로 가는 항공편을 예약하려고 합니다. #Person1# 은 #Person2# 에게 가격과 출발 및 도착 시간을 안내합니다.
test_229,#Person1# 은 #Person2# 에게 디즈니 월드에 가는 경험을 이야기합니다.
test_230,#Person2# 는 #Person1# 에게 그레이트 배리어 리프를 방문하고 싶다고 말합니다.
test_231,"Laura는 헬스장에 가려고 한다. #Person1# 은 걷기를 운동 삼아 많이 하고, #Person2# 는 수영이나 자전거 타기를 즐긴다. 둘 다 스포츠를 선호한다."
test_232,"#Person2# 는 시카고에서 태어났고, 열네 살 때 링컨 고등학교를 졸업했습니다. #Person1# 은 뮌헨으로 여행을 갔습니다."
test_233,#Person2# 는 #Person1# 에게 새 정장이 쇼핑센터에서 구입한 것이라고 말합니다.
test_234,"Robin은 Martha Bicycle Club의 회장이며, Ann에게 mountain lake tour가 체력 증진과 재미를 위해 참가하고 매년 기록을 갱신한다고 설명합니다."
test_235,#Person1# 은 #Person2# 에게 아페리티프와 싱어 주스를 추천합니다. #Person3# 은 싱어를 추천하고 싱어는 피하고 싶어 합니다.
test_236,"Eric과 Gregory는 점심을 먹기 위해 함께 가기로 했습니다. #Person1# 은 번지 점프를 하고 싶어 하지만, Eriic은 자신이 스포츠에 푹 빠졌다고 생각하며 지갑을 잃어버렸습니다."
test_237,#Person2# 는 #Person1# 에게 노르망디 상륙작전에 대한 정보를 찾기 위해 인터넷 검색을 도와달라고 요청합니다.
test_238,#Person2# 는 #Person1# 에게 웨이트와 유산소 운동으로 근육을 키우기 위한 기계를 사용해보라고 권장합니다. #Person3# 는 더 가벼운 무게로 시작하고 스트레칭을 하라고 조언합니다.
test_239,#Person1# 은 #Person2# 에게 캠퍼스 내 학생들을 위한 주차 건물의 위치를 안내합니다.
test_240,"Emily는 Susan에게 Medicare와 건강 보험 계획 둘 다에서 공제된다고 설명한다. FICA와 SUI 세금은 주 소득세 및 연방 레벨에 따라 다르며, 두 가지의 세금이 포함되어 있다. 또한, 급여 명세서의 맨 위에는 연방 공제 아래엔 주 공제가 있다고 언급한다."
test_241,"#Person1# 은 #Person2# 에게 자판기가 까다로울 수 있다고 말합니다. #Person3# 는 슬롯에 돈을 넣으라고 제안하고, #Person1# 도 이에 동의합니다."
test_242,#Person2# 는 태국에 있는 여자친구를 만나러 갈 계획이다. #Person1# 은 #Person2# 가 인터넷으로 친해졌고 약혼할 계획도 있다고 말한다.
test_243,"케이트는 새로 들인 가구 세트를 마음에 들어 하고, #Person1# 은 커튼과 소파를 추천한다."
test_244,"Bill은 #Person1# 에게 자신의 하루 운동 일정표를 설명하고, 일주일에 세 번 수영을 하거나 핸드볼을 해야 한다고 말합니다. 또한, 댄스 수업에서 알게 될 것이라고 합니다."
test_245,#Person1# 은 마켓에게 과학 과목에 등록할 것을 제안합니다. #Person2# 는 입문 과목이 필요하다고 생각합니다.
test_246,"#Person1# 은 Tim에게 그의 프로젝트와 더 환경친화적인 삶을 사는 방법에 대해 이야기해 달라고 요청합니다. 그는 생활에서 환경에 관심을 가지게 된 계기를 설명하고, 학교 매점의 위치를 안내합니다."
test_247,"#Person1# 은 토니에게 크리스마스를 맞아 피곤하다고 말한다. 토니는 #Person1# 에게 쇼핑센터의 문이 열리고, 장난감 부서에 손님들이 들어오기 시작했다고 전하며, 크리스마스 전에 아이들 선물을 파는 것이 끔찍하다고 느낀다."
test_248,"Bill과 Sue는 파티에서 케이크를 먹지 않기로 결정합니다. 이유는 다이어트 중이기 때문입니다. 그들은 케이크 대신 샐러드와 스프, 뜨거운 스프를 먹기로 합니다."
test_249,"#Person2# 가 여름 옷을 찾고 있으며, #Person1# 이 티셔츠에 어울리는 치마를 찾아주기로 했습니다."
test_250,"#Person1# 은 #Person2# 의 예약 확인서를 확인한 결과, 최근 예약이 취소된 사실을 알게 됩니다."
test_251,#Person1# 은 #Person2# 에게 부활절에 교회에 가는 방법과 아이들을 숨기는 방법을 설명합니다.
test_252,"#Person1# 과 #Person2# 는 토니에게 아들에게 상처 주는 습관에 대해 이야기합니다. #Person1# 은 토니가 어린 아이임을 강조하며 애정과 인내심, 그리고 존중으로 대하라고 권장합니다. 또한, 토니를 협력하도록 유도하기 위해 좋은 행동에는 보상을 주라고 조언합니다."
test_253,#Person1# 은 #Person2# 에게 Julie와 Alex의 친구 Wendy가 총각 파티에 참석할 것이라고 말합니다. #Person1# 의 친구는 스트립 클럽에 가기를 싫어하지만 Wandy는 파티를 즐깁니다.
test_254,#Person2# 가 #Person1# 에게 투표용지를 받을 수 있는 방법을 안내합니다.
test_255,"#Person1# 은 #Person2# 에게 회사가 곧 인원 감축을 한다고 전하며, 조지는 아닐 것이라고 하지만, 리사와 사장님이 바람 났다는 소문을 들었다고 한다. #Person3# 는 그 소문이 사실일 수 있다고 생각한다."
test_256,#Person2# 는 #Person1# 에게 중국 드라마 '중국식 이혼'을 보고 있다고 말합니다. 두 사람 모두 이 영화가 계속 변하는 세상에서의 어려움을 반영한다고 생각합니다.
test_257,"Judy는 #Person1# 에게 예산 목록을 보여주며 교통비와 호텔비로 많은 돈을 소비해야 한다고 설명합니다. 또한, 저렴한 호텔을 선택하면 숙소 질이 나빠질 수 있다고 조언합니다."
test_258,"#Person1# 은 #Person2# 에게 메리가 제로드와 결혼했으며, 파리에 산다고 전합니다."
test_259,"#Person2# 가 지갑을 도난당했고, #Person1# 은 #Person2# 에게 돈을 빌려주기로 했습니다."
test_260,#Person1# 은 #Person2# 에게 Murphy Music과 U-Tunes가 합병한다는 소식을 전합니다. #Person3# 은 그 합병이 철천지원수였음을 상기시킵니다.
test_261,"톰은 새 조수에게 감명을 받았지만, #Person2# 는 그가 거만한 것 같다고 생각한다."
test_262,"Sarah는 회의가 효율적이지 않았다고 느끼고 있다. #Person1# 은 회의 주제가 사무실 워크플로우를 개선하여 좀 더 효율적으로 만드는 것이라고 설명한다. 또한, 회의의 세부사항에 얽매이지 않고 짧고 간결하게 말하라고 조언한다."
test_263,"#Person2# 는 #Person1# 에게 메카로 가는 무슬림들의 순례 방법에 대해 이야기합니다. #Person2# 은 이집트에서 매년 하즈에 가는 사람들이 많아 사고가 빈번하게 발생한다고 설명합니다. 또한, 프랑스에서는 기독교 순례가 캔터베리로 이루어지며, 많은 기독교인들이 바티칸으로 순례를 간다고 언급합니다."
test_264,"Ted는 Mike에게 Jenny가 그녀를 좋아한다고 말하고, 그녀에게 사랑을 고백하라고 조언한다."
test_265,#Person2# 는 #Person1# 에게 화를 가라앉히기 위해 음악을 듣거나 운동을 하라고 조언합니다.
test_266,#Person1# 은 #Person2# 에게 뉴질랜드에 있는 가족에 대해 이야기합니다. #Person1# 의 사촌 Sarah와 그녀의 딸 Jane은 의붓자매입니다.
test_267,Stuart 씨가 도시 마라톤에서 우승하여 #Person1# 에게 축하 인사를 전합니다.
test_268,#Person2# 는 아이들과 아내를 위한 선물을 고르고 있습니다. #Person1# 은 #Person2# 에게 DENY 브랜드의 향수 한 병을 추천합니다.
test_269,#Person1# 은 영국으로 전화를 걸기 위해 #Person2# 에게 현지 SIM 카드 사용 방법을 안내합니다.
test_270,Mr. Brown은 #Person1# 에게 수수료와 유급 휴가 제공을 제안합니다.
test_271,"#Person1# 과 #Person2# 는 Barry와 그의 형 Paul에 대해 이야기하고 있습니다. #Person1# 은 정중하고, 신중하고, 편안하며, 수줍음이 많다고 생각합니다."
test_272,"#Person2# 는 파사디나나 아카디아에 관심이 있으며, #Person1# 은 중간 크기의 집을 원합니다. #Person2# 의 집은 호수 근처에 위치해 있습니다."
test_273,Grant 씨는 샘플을 두고 가기로 결정합니다.
test_274,#Person1# 은 #Person2# 에게 PHS에서 Sons으로 가는 직행 버스를 안내합니다.
test_275,#Person1# 은 Mrs. Word를 집까지 태워주고 우산을 들어달라고 요청합니다.
test_276,#Person1# 은 #Person2# 에게 자켓과 셔츠를 벗고 침대에 누워보라고 제안합니다. 두 사람 모두 어깨 엑스레이를 찍는 것이 좋겠다고 동의합니다.
test_277,#Person1# 은 IBA 고객 서비스부 직원인 설리에게 호텔 로비 바에서 사용한 카드를 잃어버렸다고 말합니다. 설리는 몇 가지 정보를 제공하겠다고 약속합니다.
test_278,#Person1# 과 #Person2# 는 낮잠을 자러 가면서 저녁 준비를 하기로 결정합니다.
test_279,"#Person1# 은 #Person2# 에게 중국 음식을 제공하고, 밸류 밀 두 개와 고추장을 요청합니다. 또한 소고기에 대해 문의합니다."
test_280,"#Person1# 과 #Person2# 는 식기를 챙기고, 줄을 서며, 크림 케이크를 먹기로 결정합니다."
test_281,"Lucy는 Stanley의 노래를 듣고 싶어 하지만, #Person1# 은 거절하고 엘비스 노래를 틀어주기로 한다."
test_282,"#Person2# 는 #Person1# 에게 비디오 플레이어가 영화관을 대체할 것이라고 생각하며, 영화 상영의 개념을 혁신해야 한다고 주장합니다."
test_283,"#Person1# 은 #Person2# 에게 갈색 드레스를 추천하며, 면 드레스에 대해 설명합니다."
test_284,"Joshua는 #Person1# 에게 용돈을 주며, 비밀 돈통을 사용하여 저축을 하고 나머지는 책을 살 계획이라고 말합니다."
test_285,"#Person1# 과 Mike는 내일 파티에 참석할 예정이며, #Person2# 는 차를 타고 가기로 했다."
test_286,"#Person1# 은 #Person2# 에게 책자 우표와 항공우편 우표를 요청하고, 우편환을 구매합니다."
test_287,#Person1# 과 #Person2# 는 원촨 지진을 경험했습니다. 두 사람 모두 '구조'와 '지원'이라는 두 단어만 알고 있었습니다. 그들은 생명이 가장 소중하다는 데 동의합니다.
test_288,#Person1# 과 #Person2# 는 날씨에 대해 이야기하고 있습니다. #Person1# 은 습하고 추운 날씨를 견디기 어렵다고 느낍니다.
test_289,"#Person1# 과 #Person2# 는 배구 경기 후 올림픽 기념품 가게에 가서 구경하기로 결정합니다. #Person1# 은 마스코트를 사고 싶어 하고, 두 사람 모두 그것이 좋다고 생각합니다."
test_290,"#Person1# 은 큰 요리를 위해 알루미늄 팬을 사고 싶어 하고, #Person2# 는 손잡이와 손잡이가 있는 제품을 추천합니다. #Person1# 이 현금으로 구매하기로 합니다."
test_291,#Person1# 과 #Person2# 는 퇴근 후 함께 차를 타고 가기로 했습니다.
test_292,"Mr. Becker는 워싱턴의 관료들이 그들의 직업을 선호한다고 설명합니다. 그는 정직하고 성실한 전문가이며, 급여와 근무 조건이 매력적이라고 평가합니다."
test_293,Pete와 Henry Johnson은 오랜만에 만나 서로 자기소개를 합니다. 그들은 브루클린의 생활과 중국 음식에 대해 이야기합니다. Hanr리는 만두집에서 저녁을 먹고 노래방에 가기로 결정합니다.
test_294,Mr. Jones는 Julie에게 식중독의 증상에 대해 묻습니다. Jillie는 친구들과의 식사 후 속이 안 좋았지만 지금은 나아졌다고 말합니다. #Person1# 은 그녀에게 생물학 수업 자료를 인터넷에서 다운로드할 수 있는 방법을 제안합니다.
test_295,"#Person1# 은 Mike에게 음료수를 사오고, 커피를 만들며, 설탕과 과일을 사오는 것을 도와달라고 요청합니다."
test_296,"#Person1# 과 #Person2# 는 베를린의 긴 버스 여행에 대해 이야기합니다. #Person1# 은 런던에서 60유로에 비행기를 타면 한 시간 반 정도 머물렀을 것이라고 생각하지만, 실제로는 환경에 더 해로웠다고 느낍니다."
test_297,"#Person2# 는 #Person1# 에게 여행과 사람 만나는 것을 좋아하며, 독일어와 프랑스어를 잘하고, 일본어를 1년 정도 공부했다고 말합니다."
test_298,"에이미와 지미는 어제 피크닉을 즐겼고, 제니와 빌의 초대를 받아 베이하이 공원에 갔습니다. 그리고 저녁에 바에서 술을 마시며 즐거운 시간을 보냈습니다. 에이미는 그녀의 책을 돌려주려고 했습니다."
test_299,"#Person1# 은 Peter에게 정원에 물을 줘야 한다고 말합니다. Poter는 처음에는 거절하지만, 결국 동의합니다."
test_300,#Person1# 은 #Person2# 에게 긴급 회의를 최대한 빨리 소집하고 Ken이 돌아오면 일정을 잡으라고 요청합니다.
test_301,#Person2# 는 편지에 사용할 우표가 오그램이 초과되었습니다. #Person1# 은 #Person2# 에게 10달러를 지불합니다.
test_302,#Person1# 은 Mr. Smith에게 항생제와 가려움증과 화끈거림을 완화하는 크림을 처방합니다.
test_303,"#Person2# 가 #Person1# 에게 중국의 공예품을 추천하며, 독특한 중국식이면서 운반이 쉽다고 설명합니다."
test_304,#Person1# 과 #Person2# 는 만국박람회를 위한 유명한 에펠탑에 대해 이야기합니다.
test_305,"Brian은 #Person1# 에게 영어에 능숙하며, 라스베이거스는 한 번도 방문한 적이 없다고 말합니다."
test_306,#Person1# 은 #Person2# 가 초조해 보이는 것에 대해 걱정하고 있다.
test_307,"#Person1# 은 #Person2# 에게 모든 것이 착착되었다고 말하며, 경고하지 말라고 조언합니다."
test_308,#Person1# 과 #Person2# 는 John과 그녀의 데이트에 대해 이야기합니다.
test_309,"#Person1# 과 #Person2# 는 런던의 역사적인 도시들에 대해 이야기합니다. #Person1# 은 웨스트민스터 사원, 보우디카 동상, 그리고 마담 투소 밀랍 인형 박물관을 방문할 예정입니다."
test_310,"다니엘은 #Person1# 에게 자신이 과학을 가장 좋아한다고 말하고, #Person2# 는 그가 영리하다고 생각한다."
test_311,"베티가 아기를 위해 베이비 샤워를 준비해 줍니다. 베티는 식탁의자, 카시트, 칼라, 놀이펜과 침대 등을 제공합니다. 베 티는 병원에 데려다 달라고 요청합니다."
test_312,"#Person1# 은 중국에 관광하러 가고 싶어하지만, #Person2# 는 바빠서 갈 수 없다고 한다."
test_313,Karren과 Tim은 오랜만에 만나 인사를 나눈다.
test_314,#Person1# 은 #Person2# 에게 Michael이 새 오토바이를 타보게 해준 것에 대해 이야기합니다.
test_315,"#Person1# 은 #Person2# 에게 몇 개의 언어를 구사할 수 있으며, 영어와 프랑스어는 간단한 대화 정도만 할 수 있다고 설명합니다. 또한, #Person1# 의 영어 실력이 일반 사무직 하는 데 충분하다고 믿습니다."
test_316,#Person1# 이 #Person2# 에게 앤디에게 전화했다고 전해달라고 요청합니다.
test_317,#Person1# 은 뉴욕행 513편 비행기가 취소되었다고 #Person2# 에게 알립니다. 그들은 50% 할인된 가격에 항공권을 예약합니다.
test_318,"#Person1# 과 #Person2# 는 점심을 먹으러 버거 퀸에 갑니다. #Person1# 은 밀크셰이크를 좋아하고, #Person3# 는 감자튀김과 마요네즈 소스를 즐깁니다. 그러나 튀긴 음식을 많이 먹으면 살이 찔 수 있다고 경고하며 인내심을 가지라고 조언합니다."
test_319,#Person1# 은 초과 수하물 요금을 지불하고 #Person2# 에게 취급 주의 라벨을 요청합니다.
test_320,"#Person1# 은 목이 마르고, 탄산음료가 갈증을 풀어준다고 생각합니다. #Person2# 는 탈수일 때 물을 마셔야 한다고 설명합니다."
test_321,"Wang Miao는 매니저 Liang에게 내일 약속에 차질이 생겼음을 알리고, 사과와 약속을 전달합니다."
test_322,"#Person1# 은 에나멜 가죽 구두를 찾고 있으며, #Person2# 는 이를 추천합니다."
test_323,Benjamin은 프로젝트 보고서를 어떻게 써야 할지 몰라 고민하고 있다. #Person1# 은 그에게 마이크로소프트 워드를 배워서 직접 작성하라고 조언한다.
test_324,"Marty는 대형 피자에 대해 1+1 행사가 있어 해산물 피자를 주문하고 싶어합니다. #Person2# 는 해물 피자, 바나나, 파인애플 피자와 얇은 도우를 주문합니다."
test_325,"#Person2# 가 #Person1# 에게 메뉴를 안내합니다. #Person2# 는 새우 칵테일과 계란 수프, 미네랄 워터를 주문합니다."
test_326,"#Person2# 는 #Person1# 에게 집에 대해 설명하고, 주방은 현대적이며, 화장실이 두 개 있다고 안내합니다."
test_327,"#Person2# 는 #Person1# 의 가게에서 개인 스테레오를 구매한 후 스크래치와 소음에 대해 불만을 제기합니다. #Person2# 은 이어폰을 착용하는 방법에 대해 설명하고, 영수증을 보여주겠다고 합니다."
test_328,#Person1# 은 기숙사 보증금을 아직 납부하지 않았습니다. #Person2# 는 내년 9월에 신입생에게 우선권이 있는 교외에서 살 것을 제안합니다. #Person1# 도 기숙사가 시끄러워서 불편하다고 느낍니다.
test_329,#Person1# 은 #Person2# 에게 중고 서점에서 오래된 동화책을 보고 있다고 말합니다. 그 책에는 'Harold Dickson'처럼 유명한 사람의 서명이 포함되어 있습니다. #Person3# 는 책을 사서 도서관에서 그 이름을 찾을 것입니다.
test_330,#Person1# 은 베이징 맛집에 방문하여 창가 쪽 테이블을 안내받습니다. #Person2# 는 음식을 20분 후에 준비해 주겠다고 약속합니다.
test_331,#Person1# 은 아들에게 중요한 증명서를 전달하기 위해 #Person2# 에게 편지를 등기 우편이나 배달 증명 우편으로 보내라고 제안합니다.
test_332,Tom이 Sally와 Sohn에게 보낸 편지에는 결혼 후 처음 방문하게 된 것에 대한 감사와 감사의 메시지가 담겨 있다.
test_333,"#Person1# 은 컴퓨터 사용에 어려움을 겪고 있으며, #Person2# 는 이를 이해한다."
test_334,"#Person1# 과 #Person2# 는 화창한 날씨를 좋아하지만, 비가 올까 봐 걱정합니다. #Person1# 은 일기예보가 틀린 것 같다고 생각합니다."
test_335,#Person2# 는 참고 자료 데스크에서 일반적인 정보를 찾고자 합니다. #Person1# 은 잡지의 제목과 제목을 안내합니다.
test_336,"#Person2# 는 #Person1# 에게 프렌치 가든 레스토랑에 오신 것을 환영하고, 참치 샌드위치 하나, 야채 수프 한 그릇을 주문합니다."
test_337,"#Person1# 은 #Person2# 가 레모네이드 한 잔, 전채요리, 베이비백 립스를 주문할 수 있도록 도와줍니다."
test_338,#Person1# 은 #Person2# 에게 물과 디저트를 제공합니다.
test_339,#Person1# 은 #Person2# 에게 Eric이 복권에 당첨되어 세계 여행 티켓 두 장을 구매하면 어떻게 할지에 대해 이야기합니다.
test_340,"Jack은 새로운 애완동물 사진을 자랑하지만, #Person1# 은 그 사진이 문제라고 생각한다."
test_341,#Person1# 은 #Person2# 에게 Jane 이모가 Tom에게 새 자전거를 사줬다고 이야기합니다. #Person1# 는 교통 체증을 피하기 위해 비행기를 사기로 합니다.
test_342,"#Person2# 는 최신 유행의 치마를 찾고 있으며, #Person1# 은 400달러를 제안합니다."
test_343,#Person2# 는 #Person1# 에게 자신의 도시가 200년 전에는 그저 작은 마을에 불과했다고 설명합니다. 또한 #Person2# 의 도시는 여전히 일부 마을의 이름으로 남아 있습니다.
test_344,"#Person1# 과 #Person2# 는 오늘날의 환경 문제에 대해 논의하고 있습니다. #Person1# 은 세계 지도자들이 행동 계획에 합의하기를 바라고 있으며, 특히 아프리카의 사막화 문제를 언급합니다. 그들은 환경 보호를 목표로 하는 조직에 가입할 계획입니다."
test_345,"데니스는 #Person1# 에게 자신이 16살 소녀인 척 한 남자친구에 대해 이야기하며, 온라인에서 만난 남자를 미스 라이트로 여긴다고 설명한다. 그는 데니스에게 좋은 의사를 찾으라고 조언한다."
test_346,"Nathan은 #Person1# 에게 시카고에 실습 가게 되어 설레며, 큰 신문사에서 일하는 것이 걱정되지 않는다고 말한다. 그는 호기심 많고 사교적이라 다른 사람들과의 관계도 배울 수 있을 것이라고 생각한다."
test_347,#Person2# 는 토요타 카롤라를 빌리기 위해 #Person1# 의 도움을 받아 신분증을 복사하고 셋째 날 정오까지 반납합니다.
test_348,"#Person1# 은 #Person2# 에게 뉴욕의 관광 명소를 추천하며, 콜럼비아 대학교와 뉴욕 대학교, 기차역 근처 관광 안내소를 소개합니다."
test_349,"#Person1# 은 #Person2# 에게 필름을 현상해 달라고 요청하고, 내일 다시 오겠다고 합니다."
test_350,#Person1# 은 폭우로 인해 비행기가 지연되었다고 #Person2# 에게 알립니다. #Person3# 는 날씨가 변덕스럽기 때문에 최신 기상 예보에 따라 날씨가 곧 바뀔 것이라고 말합니다.
test_351,#Person1# 이 #Person2# 에게 북경대학의 위치를 묻습니다.
test_352,#Person1# 은 #Person2# 에게 신문에 나와 있는 좋은 날씨와 오하이오에서의 강도 사건에 대해 이야기합니다.
test_353,"#Person1# 은 컴퓨터 게임이 폭력적이라고 생각하지만, #Person2# 는 괜찮다고 생각합니다."
test_354,#Person1# 과 Jim은 저녁 후 체육관에 가서 운동을 하고 친구들을 만나기로 결정합니다.
test_355,#Person1# 과 #Person2# 는 새우찜과 와인을 주문합니다.
test_356,#Person2# 는 #Person1# 에게 외국인 관광객을 위한 몇몇 명소를 안내한 경험이 있다고 말합니다.
test_357,#Person1# 은 Jack이 더블룸에 3박 동안 양식을 예약했다고 확인했습니다.
test_358,"질은 데이빗 생일파티에 참석하지 못해 마크 씨에게 전화를 걸었습니다. 마크 씨는 그녀의 부인이 어젯밤에 딸을 낳은 사실을 알게 되었고, 내일쯤 술 마실 준비가 될 것이라고 말했습니다."
test_359,"#Person2# 가 남편과 함께 극장에 가자고 제안했지만, #Person1# 은 거절하고 대신 전화로 초대해 줍니다."
test_360,"Cal Ripken의 홈런으로 볼티모어가 5 대 4로 승리한 후, #Person1# 은 야구 경기를 시청하며 미국 스포츠의 중요성에 대해 깨닫는다."
test_361,#Person2# 는 #Person1# 의 도움에 대해 감사 인사를 전합니다.
test_362,"#Person2# 는 #Person1# 에게 자신의 나라에서 천연자원을 많이 수입하고, 베네수엘라에서 철과 알루미늄을 수입하며, 석유 시추에 집중하고 있다고 설명합니다. #Person2# 의 정부도 이에 동의합니다."
test_363,"#Person2# 는 미술 전시회에 가는 것을 좋아하며, 특히 고대 로마나 그리스 작품을 좋아합니다. #Person1# 은 미술 수업에 별로 신경 쓰지 않았습니다. 그들은 내일 국립 미술관에서 열리는 그리스와 로마 조각 전시회를 함께 가기로 했습니다."
test_364,#Person1# 은 #Person2# 가 책을 반납하고 비디오를 대출할 수 있도록 도와줍니다.
test_365,#Person1# 은 #Person2# 에게 볼링 게임의 프레임 구성에 대해 설명합니다.
test_366,"#Person2# 는 #Person1# 에게 은행과 증권사 간에 돈을 이체할 수 있는 새로운 서비스에 대해 설명하고, 맞춤형 상담 서비스를 제공한다고 안내합니다."
test_367,#Person1# 은 #Person2# 에게 짐을 맡기는 것이 보증금 없이 VISA 카드로 결제할 수 있다고 안내합니다.
test_368,"#Person2# 는 #Person1# 에게 뷔페 이용 시 요금을 안내합니다. 탄산음료는 추가 요금이 없으며, 알코올 주문은 건당 십 위안을 받습니다."
test_369,#Person2# 는 #Person1# 에게 해외 유학 개인 대출과 나이 제한에 대해 설명합니다.
test_370,#Person2# 가 #Person1# 에게 영어 노래가 있는 책을 추천합니다.
test_371,#Person2# 는 #Person1# 에게 신문사에 지원한 이유를 설명합니다.
test_372,"#Person1# 은 #Person2# 에게 이메일을 통해 인터뷰 결과를 직접 물어보라고 제안하고, 이메일 발송 시 답장을 놓치지 않도록 주의하라고 상기시킵니다."
test_373,#Person1# 은 #Person2# 의 집을 방문하여 집의 넓이와 나무 가지에 걸려 있는 그림들에 대해 이야기합니다.
test_374,#Person1# 은 #Person2# 에게 관광지를 더 방문하는 동안 짐은 보관할 수 있지만 보증금이 필요하다고 설명합니다.
test_375,"브랜든은 새로운 웹사이트에 가입하고 있으며, #Person1# 은 그것이 신원을 확인하기 위해 무료라고 설명하지만, #Person2# 는 믿기 어렵다고 느낍니다."
test_376,#Person1# 과 #Person2# 는 교장 선생님이 새 실험실 건물을 지으시는 것에 대해 이야기하고 있습니다. 그들은 지역 정부에 도움을 요청할 가능성이 높다고 생각합니다.
test_377,"Henry는 은행에서 받은 신용카드를 사용하기 시작했고, #Person1# 에게 카드 사용에 대해 조언합니다."
test_378,#Person1# 은 Mr. Smith에게 내일 아침 산간 지역의 마을을 방문할 것을 제안합니다. #Person2# 는 동의하며 저녁 전에 돌아올 예정입니다.
test_379,"Vet는 딸을 키우며 스트레스와 우울함을 풀고 미래 계획에 대해 이야기합니다. 그녀는 치어리더가 꿈이었지만, 이제 아기에 대한 책임이 있습니다. #Person1# 은 그녀를 위로하며 어린 시절을 보내는 10대들에게 조언을 제공합니다."
test_380,"#Person2# 는 #Person1# 에게 우표 수집에 대한 관심을 이야기합니다. #Person2# 은 처음에는 빅토리아 여왕 그림이 그려진 우표를 발견하지 못했지만, 나중에 그것이 부자들에게는 큰 즐거움을 준다고 생각합니다."
test_381,"Tom은 녹색 제품을 판매하는 회사의 매니저로서 성공한 사업가로, 그녀의 가족은 1986년에 부다페스트를 떠나 캐나다에 정착했습니다. #Person1# 은 그의 생활에서 낭비적인 행동을 하지 않는 것이 성장 기회를 제공한다고 생각합니다."
test_382,"#Person1# 은 John Day에게 네즈든의 보행자 지하도에서 발견된 40대 남성의 이동 경로에 대해 설명합니다. 그는 새벽 1시 30분쯤 술집인 레벨 원 클럽을 떠났으며, #Person1# 이 그를 식별하지 못했기 때문입니다."
test_383,Bob과 Sherry는 친구 결혼식에 참석하기 위해 퀘벡에 갈 계획이다. 두 사람 모두 #Person1# 의 프랑스어 실력을 칭찬한다.
test_384,"#Person1# 은 톰에게 학생 센터에서 수영하자고 제안하지만, 톰은 리포트를 제출해야 해서 시간이 없습니다. 결국 그들은 그릴에서 저녁을 먹기로 합니다."
test_385,#Person2# 는 #Person1# 에게 의사 선생님이 준 약을 복용해야 한다고 설명합니다.
test_386,"#Person1# 은 Fred에게 새 컴퓨터를 사서 대출금을 갚아야 한다고 말합니다. #Person2# 는 처음에는 급하게 생각하지 않지만, 나중에 돈이 생기면 천천히 갚겠다고 약속합니다."
test_387,"#Person1# 은 글을 더 잘 쓰고 싶어하지만, #Person2# 는 글씨가 마음에 들지 않는다. #Person1# 이 불평하고 꾸준히 노력하라고 조언한다."
test_388,#Person1# 은 #Person2# 가 속눈썹을 올리고 있는 것을 보고 겁먹었다고 생각합니다.
test_389,"#Person2# 는 #Person1# 에게 운전 강좌에 대한 정보를 제공합니다. 이 강좌는 토요일과 일요일 아침 8시에 시작하며, 강사님은 20년 동안 가르치고 계십니다."
test_390,#Person1# 은 티나에게 피아노를 가르치는 영국 선생님을 소개해 달라고 요청합니다. 티나는 그 선생님에 대해 매우 좋아합니다.
test_391,"#Person2# 는 #Person1# 에게 자신의 강점, 약점, 그리고 5년 후 본인은 어디에 있을지에 대해 이야기합니다. #Person2# 은 배우는 과정이 중요하다고 생각합니다."
test_392,Stephanie는 지난주에 잠을 제대로 자지 못해 피곤함을 느낍니다. #Person1# 은 Miss Jenkins에게 연락하여 보고서를 금요일 아침까지 제출할 것을 제안합니다.
test_393,"David는 #Person1# 에게 스케이트를 타자고 제안하지만, Barbara가 새해 전날 파티에 초대해 크리스마스를 뉴욕에서 보내기로 했습니다."
test_394,"Bob은 지난 주말 댄스 파티에 갔고, #Person1# 은 일요일에 테니스를 쳤습니다. 그들은 이번 주말에 서로 경기할 예정입니다."
test_395,#Person1# 은 #Person2# 에게 50달러를 빌려주기로 했습니다. #Person3# 는 농장에서 일하며 취업을 위해 집에 가는 것이 싫어서 #Person1# 이 돈을 빌려줍니다.
test_396,"#Person1# 은 #Person2# 에게 식당에서는 모든 손님에게 재킷과 넥타이를 착용해 달라고 요청하지만, #Person3# 는 대여 서비스를 제공할 수 없다고 설명합니다. 결국 그들은 9시 30분 회의에 참석하기로 합니다."
test_397,"#Person2# 는 #Person1# 에게 아이들이 휴양 캠프에서 집사가 진행하는 투어를 지루하게 느꼈다고 말합니다. 일부는 성 견학을 했으며, 마지막 날에는 바비큐 파티를 열었습니다."
test_398,"#Person1# 은 컴퓨터 프로그래밍을 전공하여 #Person2# 에게 대학 입학 요건에 대해 묻습니다. #Person3# 는 직장을 그만두고 사업을 고려 중이며, 휴가를 활용해 수업을 듣고 싶어합니다."
test_399,"#Person1# 은 #Person2# 에게 차로 나무를 들이받아 며칠 학교를 빠져야 한다고 알리고, 클락 교수는 이번 주에만 쉬면 된다고 안내합니다."
test_400,#Person2# 는 집주인과 수리 비용에 대해 합의하지 못했다고 #Person1# 에게 말합니다. #Person2# 은 집주인과의 문제 해결을 위해 전화를 걸어 수리 비용을 지불하지 않겠다고 합니다.
test_401,#Person2# 는 도쿄에서 온 수출 L/C를 받기 위해 #Person1# 의 서명을 도와줍니다.
test_402,Myrdal은 Charlie의 지갑을 잃어버렸다.
test_403,"#Person1# 은 #Person2# 에게 번갈아가며 설거지를 하라고 제안하지만, #Person3# 은 동의하지 않습니다."
test_404,#Person1# 과 #Person2# 는 서로에 대한 사랑을 표현하고 있습니다.
test_405,#Person1# 과 #Person2# 는 실업이 많은 사회 문제를 일으킨다고 생각합니다.
test_406,#Person1# 은 가면무도회 파티에 맞는 의상을 고르기 위해 #Person2# 에게 쇼핑을 제안합니다. 그들은 카우걸을 어디서 찾을지 모릅니다.
test_407,#Person1# 과 #Person2# 는 베이징의 밤문화에 대해 이야기하고 디스코 댄스를 하기로 결정합니다.
test_408,"#Person1# 은 #Person2# 에게 자신의 농장을 소유하고 싶다고 말하며, 농부로서의 경험을 공유합니다."
test_409,"#Person1# 은 #Person2# 에게 하이네켄과 버드 반 파인트, 나초와 모짜렐라 스틱을 구매합니다."
test_410,Mary는 #Person1# 에게 Ann의 남자친구가 그녀에게 우정을 신경 쓰지 않는다고 말했다고 이야기합니다. 그들은 서로에 대한 감정을 공유하고 있습니다.
test_411,#Person2# 는 #Person1# 에게 담배와 기념품의 위치를 안내합니다.
test_412,"Catherine은 'Fast Food Nation'을 보고 미국식 음식의 어두운 면에 대해 생각합니다. #Person1# 은 패스트푸드가 편리함을 추구하는 생활 방식을 반영한다고 설명하며, 미국인들이 이동 중에 음식을 먹을 때 깊이 생각하지 않음을 지적합니다."
test_413,"#Person1# 은 #Person2# 에게 버스가 워싱턴 스퀘어 공원으로 가는 줄 알았다고 말하며, 뒤쪽으로 이동해달라고 요청합니다."
test_414,"#Person2# 는 9-11 테러 공격이 있던 날 베이징에 있는 부모님 댁에 있었습니다. #Person1# 은 뉴욕의 삼촌 회사에서 일했고, #Person2# 의 목숨도 마찬가지였습니다."
test_415,Chuck Jones는 Karl의 옆집으로 이사 왔습니다. 그들은 이웃처럼 지내고 있습니다.
test_416,"#Person2# 가 #Person1# 에게 삶은 달걀과 토스트, 오렌지 주스를 주문합니다."
test_417,"#Person1# 은 Steven에게 자러 가자고 제안하지만, #Person2# 는 지출이 초과되었다고 불평합니다. 결국 그들은 지하실 문을 닫기로 합니다."
test_418,#Person1# 은 다음 주 회의 전에 Jane과 만나서 아이디어를 나누기로 했습니다.
test_419,"#Person2# 는 여자친구에게 줄 멋진 선물을 찾고 있습니다. #Person1# 은 #Person2# 에게 진주 귀걸이 세트, 하트 모양의 펜던트, 시계를 추천하며, 자수정 팔찌와 목걸이를 추천합니다. 또한, 약혼반지를 보기로 결정합니다."
test_420,"#Person1# 은 오래된 Ford Pinto를 교환하고 싶어 합니다. #Person2# 는 연비가 좋고 2.5리터 터보차저 엔진이 있는 차를 추천하며, 가격대는 저렴하다고 설명합니다."
test_421,"#Person1# 은 컴퓨터 엔지니어 직책을 제안하기 위해 Ballam 씨와 통화합니다. #Person2# 는 월 4,000 위안을 요구하며 가족을 부양할 것을 약속합니다."
test_422,#Person2# 는 #Person1# 에게 네트워크 결제 서비스의 혜택을 설명합니다. #Person3# 는 서류 작업을 모두 마칠 예정입니다.
test_423,#Person1# 은 #Person2# 에게 저녁 식사가 부족하여 땅콩버터와 잼 샌드위치를 만들어 먹자고 제안합니다.
test_424,#Person1# 은 #Person2# 에게 혈액을 채취하고 백혈구 수치를 확인하도록 안내합니다.
test_425,"Steven은 Sellers 씨에게 지하실 차단함을 찾아보라고 조언하고, 나간 퓨즈를 풀어서 좋은 퓨즈로 교체하라고 안내합니다."
test_426,Paula는 집주인 Ms. Connors가 월세를 전액 납부하지 않았다고 비난하며 그녀를 쫓아내겠다고 협박하고 있다. #Person1# 은 그를 도와주기로 약속한다.
test_427,#Person1# 은 #Person2# 에게 에어컨과 배수구를 수리할 수 있는 Dan의 직책에 대해 이야기합니다.
test_428,"#Person1# 과 해고된 #Person2# 는 대출금을 낼 수 있는 일을 찾고 있으며, #Person1# 은 전기공 견습생 프로그램을 추천합니다."
test_429,#Person2# 는 #Person1# 에게 사장님의 강점에 대해 설명합니다.
test_430,"Tang 씨는 Youth International Travel Agency에서 일하고 있으며, 영어와 러시아어 두 가지 언어를 구사합니다."
test_431,"#Person2# 가 #Person1# 에게 금 시계를 보여주었으나, 가격이 너무 비싸서 구매하기로 결정했습니다."
test_432,"Tom은 Sara에게 딸의 열과 아들 Ken을 맡아달라고 요청하고, 저녁 식사 후 집으로 데려가기로 합니다."
test_433,"Amy는 #Person1# 에게 첫 직장이 총지배인 비서로 시작하여 인사부장으로 승진했으며, 현재는 영업부에서 일하고 있다고 설명합니다."
test_434,"Andrew는 #Person1# 에게 자신의 체중 감량 경험을 이야기합니다. #Person2# 는 뚱뚱하지 않기 위해 다이어트를 시작했고, 스팸메일에서 정보를 찾아내어 정보를 제공받습니다. 또한, 가족 모임에서 자주 하던 것처럼 큰 접시 세 접시를 먹지 말라고 조언합니다."
test_435,브라운 컬리지의 그렉 손더스 씨가 메리에게 전화를 걸어 대학 스포츠에 대한 관심을 표명합니다.
test_436,#Person2# 는 기차역으로 가기 위해 택시에 탑니다. #Person1# 은 #Person2# 에게 신중히 운전해 달라고 요청합니다.
test_437,Brian은 #Person1# 에게 영어에 능숙하고 라스베가스를 방문한 경험을 이야기합니다.
test_438,#Person2# 는 새로운 건강 보험에 가입하기 위해 건강검진을 받으러 왔습니다. #Person1# 은 #Person2# 에게 알레르기 검사와 피검사를 안내합니다.
test_439,"#Person2# 는 #Person1# 에게 복권에 당첨되면 아내와 아이들을 위해 큰 집을 사고, 세계 여행을 할 것이라고 말합니다. 또한 월급 인상만 받아도 행복할 것이라고 생각합니다. 그들은 최고의 맥주를 마시기로 합니다."
test_440,#Person1# 은 아직 서른다섯 살이지만 싱글 생활이 지겹다고 느끼고 있습니다. #Person2# 는 #Person1# 에게 Amy를 결혼식장에 남겨두지 말라고 조언합니다.
test_441,"#Person1# 은 예전 명함을 인쇄하기 위해 #Person2# 에게 서류를 작성해 달라고 요청하고, 7일보다는 3일이 더 필요하다고 안내합니다."
test_442,"#Person1# 은 브라이언에게 여행 예약을 도와주고, #Person2# 는 공항에서 전무님을 만나러 오겠다고 한다. 회의는 정오에 시작된다."
test_443,#Person1# 과 Paul은 추수감사절 저녁을 함께 보내기로 했습니다. #Person1# 은 파티에 참석할 수 있는 인원이 열 명이라고 말합니다. 그들은 맛있는 호박 파이를 만들 예정입니다.
test_444,"수잔은 #Person1# 에게 사촌과 함께 대학 캠퍼스를 방문할 계획을 이야기하며, 눈보라가 올 경우 그녀를 집에 데려다주기로 제안합니다."
test_445,"Ben은 #Person1# 에게 저녁 수업 정보를 제공하고, 사진 강좌는 $280로 이탈리안 와인 강좌보다 $40 저렴하다고 설명합니다. #Person2# 는 저녁 파티를 열기로 결정합니다."
test_446,#Person1# 과 #Person2# 는 저녁 식사 장소로 캐럿츠를 선택합니다.
test_447,Gene은 운전면허 시험에 가기 위해 로스앤젤레스에서 일하게 되었습니다. #Person1# 은 운전 연습을 하고 내일 시험도 보러 갈 예정입니다.
test_448,"#Person2# 가 #Person1# 에게 펜을 보여주고, 부드럽게 써지는 펜에 대해 설명합니다."
test_449,"#Person2# 는 #Person1# 에게 미국 암 학회를 위한 기금 모금 행사에서 경쟁사들과 재미로 파트너가 되어 협력하여 후원했다고 설명합니다. 또한, 광고 캠페인만큼 성과를 거두었습니다."
test_450,#Person2# 가 #Person1# 에게 피크 트램으로 가는 길을 안내합니다. #Person2# 는 연필로 적어두는 것을 권장합니다.
test_451,#Person1# 은 #Person2# 에게 전통 중국 공예품을 소개하고 백단향 부채의 가격을 안내합니다.
test_452,#Person2# 는 #Person1# 에게 이 회사에 영향을 미치는 외부 요인에 대해 설명합니다.
test_453,#Person1# 은 #Person2# 에게 오늘 오후 2시에 이 주제로 다시 돌아가기 위한 준비 회의를 시작하자고 제안합니다.
test_454,#Person2# 가 #Person1# 에게 자연 경관에 대한 추천을 요청합니다.
test_455,"#Person2# 가 #Person1# 에게 비프버거, 프렌치프라이 하나, 밀크셰이크를 주문합니다."
test_456,#Person1# 과 #Person2# 는 등불 축제에 대해 이야기합니다. #Person1# 은 유리로 제작된 큰 용 등불이 인상적이라고 느낍니다.
test_457,"Tina는 #Person1# 에게 면접 첫 두 라운드를 성공적으로 통과했고, 다음 주 월요일에 최종 라운드로 간다고 알립니다. 그들은 저녁에 만나기로 합니다."
test_458,팀과 카렌이 만나 인사를 나눈다.
test_459,#Person1# 과 #Person2# 는 부서 회의에 참석하여 문구류와 복사기를 구매하기로 결정합니다. #Person1# 은 사무실 근처에 있는 Julie에게 연락할 것입니다.
test_460,#Person1# 은 목욕을 위해 버튼이 너무 많아서 #Person2# 에게 설명서를 요청합니다.
test_461,#Person1# 은 #Person2# 에게 베스트셀러와 최신작을 추천합니다.
test_462,#Person1# 은 #Person2# 에게 친구에게 읽기부터 시작해서 천천히 익히도록 가르치겠다고 제안합니다.
test_463,#Person1# 은 #Person2# 의 티켓을 예약하고 800달러를 카드로 결제합니다.
test_464,"#Person2# 는 #Person1# 에게 냉동 피자를 구워 먹자고 제안합니다. 그들은 건강한 요리 방법에 대해 이야기하며, #Person2# 가 닭고기와 흰쌀밥을 준비하기로 합니다."
test_465,"#Person1# 은 #Person2# 에게 부스에 있는 두 전화기가 서로 다르다고 설명하며, 수화기를 들고 신호를 기다린 후 번호를 누르고 동전을 투입구에 넣은 후 '말하기' 버튼을 누르면 통화가 가능하다고 안내합니다."
test_467,"#Person1# 은 중고 물건이 새것만큼 좋다고 생각하지만, #Person2# 는 중고 컴퓨터를 살 계획이다."
test_468,#Person1# 은 Morgan에게 중국 음식의 처리 방식과 남은 음식을 집에 가져가는 방법에 대해 물어봅니다. #Person2# 는 족발을 먹어본 경험이 있어 가끔은 한 번 시도해보겠다고 말합니다.
test_469,"해리는 #Person1# 에게 길거리 시장에서 물건을 구매할 때 바가지 사용의 위험성을 경고하며, 물건의 가치에 대해 미리 알아보는 것이 중요하다고 조언합니다."
test_470,"#Person2# 는 영어 말하기와 쓰기에 능숙하며, 대학에서는 영어를 전공했다고 #Person1# 에게 설명합니다."
test_471,#Person2# 는 당좌예금과 저축예금을 동시에 개설하고 싶어 합니다. #Person1# 은 #Person2# 에게 오버드래프트 최대 한도와 벌금에 대해 설명합니다.
test_472,"#Person2# 는 #Person1# 에게 특별 할인 쿠폰을 제공하고, 유효기간 내에만 사용할 수 있다고 설명합니다. 또한, 설탕을 구매할 때 쿠폰 3장을 받을 수 있습니다."
test_473,Mrs. Robinson은 Steve에게 Johnny의 부엌 청소를 도와달라고 요청합니다.
test_474,S M I T H는 상하이로 가는 기차표를 잃어버렸습니다. #Person1# 은 새로운 표를 구매하고 소프트 슬리퍼를 선택합니다. #Person2# 는 지갑에 돈이 있는지 확인하려고 합니다.
test_475,"Ann은 #Person1# 에게 '웰빙 인 더 에어' 프로그램을 추천하며, 비행기에선 공간이 부족해 시차 적응이 잘 안 되었다고 설명합니다. 또한, 다른 승객들도 운동을 많이 하지 않았다고 합니다."
test_476,Tom과 Mary는 John의 파티에 참석할 계획이다. 그들은 건설 회사에서 여름 동안 일할 예정이다.
test_477,해리는 끔찍한 사고 경험을 #Person1# 에게 이야기한다. 그들은 경찰이 처벌해야 한다고 동의한다.
test_478,Steven Kayne 씨는 자신이 경주용 자전거를 좋아하고 자전거 고치는 것을 좋아했다고 설명합니다. 그는 사업을 시작할 때 은행에서 사업 대출을 받게 되면서 사장이 되는 것이 좋겠다고 결심했습니다. 가게는 장사가 평소보다 느리면 문을 닫고 일찍 퇴근할 수 있습니다.
test_479,#Person1# 과 #Person2# 는 중년에 대해 이야기하고 있습니다.
test_480,#Person1# 과 #Person2# 는 멋진 식사를 마친 후 디저트와 음료에 대해 이야기합니다.
test_481,"#Person1# 과 #Person2# 는 아래층 침대를 원하며, 동전 던지기로 결정합니다. #Person1# 은 창가 책상을 선호하고, #Person3# 는 여자들에게 인기가 많기 때문입니다. 결국 그들은 아래층의 침대에 동의합니다."
test_482,"#Person1# 은 Mr. Murray에게 도서관 카드를 발급하고, 운영 시간과 제한 사항에 대해 안내합니다."
test_483,"#Person2# 는 초과 근무 수당을 받지 않으며, 점심시간에 커피 브레이크를 가질 수 있습니다. #Person1# 은 서류 작업이 많고, #Person2# 도 칸막이 사무실에서 일하는 것을 좋아하지 않습니다."
test_484,Alice는 #Person1# 에게 기계에 비누를 넣는 방법과 세탁하는 방법을 설명합니다. 그는 열아홉 살 때부터 직접 세탁을 해왔습니다. Nick은 그에게 기계 사용법을 가르칠 예정입니다.
test_485,#Person2# 는 #Person1# 에게 오늘 밤 전화해달라고 부탁합니다.
test_486,"Katie는 #Person1# 에게 항상 일할 준비가 되어 있으며, 손님이 없을 때 멍하니 서 있는 것을 보고 기꺼이 일을 하기를 원한다고 말한다."
test_487,"#Person1# 과 #Person2# 는 할아버지 생일 깜짝 파티를 계획하고 있습니다. 그들은 음식을 준비하고, 샐러드를 준비할 예정입니다."
test_488,Gina가 #Person1# 에게 자신을 소개합니다.
test_489,"Kathy는 #Person1# 에게 노스캐롤라이나 산은 조용하다고 말하고, 새들이 주로 산 근처에 있으며, 하늘에서 나는 소리라고 설명합니다."
test_490,"#Person1# 은 Danny's에 와서 칠면조 샌드위치와 채소 소고기 수프, 다이어트 콜을 주문합니다."
test_491,"James는 기차가 4시 30분에 떠나기 때문에 TV를 보고 있으며, #Person1# 은 David가 빌려준 재킷을 선물로 주기로 했습니다."
test_492,"#Person1# 은 테드에게 어디로 휴가를 갈지 묻자, 테드는 장인어른과 장모님과 함께 중국에 갈 계획이라고 답한다."
test_493,#Person1# 은 #Person2# 에게 오늘 오후에 영화관에 가자고 제안합니다. 그들은 영화를 보고 맥도날드에 가서 맛있는 것을 먹기로 합니다.
test_494,#Person2# 는 #Person1# 에게 도둑들이 가구를 도난당했다고 말합니다.
test_495,"Jack은 Charlie에게 새로운 비디오 게임에 대해 이야기하며, 캐릭터 만드는 게임을 추천한다."
test_496,#Person2# 는 #Person1# 에게 시골 음악에 관심을 가지게 된 계기와 라디오 방송국에서 일하게 된 이유를 설명합니다.
test_497,"#Person1# 은 Alice에게 세탁기에 비누가 포함되어 있는지 묻습니다. #Person2# 는 기계가 거품이 많으면 먼지가 번식할 수 있다고 설명합니다. 또한, 12살 때부터 자신이 직접 세탁을 해왔다고 말합니다. #Person1# 의 나라에서는 엄마가 자녀의 성적을 위해 모든 것을 해줍니다."
test_498,"Steve와 Matthew는 1년 만에 다시 만나 서로의 근황을 묻고, Mrs. Thou가 출산하여 함께 살 수 있게 되었다고 이야기합니다."
test_499,Betsy는 승진하여 파티에 참석할 예정이다. Frank는 초대를 수락한다.
